ID_taxis,Taxis,payment_type,total_amount,PU_ID_borough,DO_ID_borough,pickup_hour,date
0,Green,1.0,9.3,5,5,15,4/3/2019
1,Green,2.0,33.8,1,1,15,4/3/2019
2,Green,1.0,57.3,5,5,16,4/3/2019
3,Green,1.0,38.65,5,1,16,4/3/2019
4,Green,2.0,16.8,1,1,17,4/3/2019
5,Green,2.0,11.8,2,2,18,4/3/2019
6,Green,2.0,13.3,1,1,18,4/3/2019
7,Green,2.0,10.3,1,1,19,4/3/2019
8,Green,2.0,9.8,1,1,20,4/3/2019
9,Green,1.0,11.3,3,2,20,4/3/2019
10,Green,1.0,8.8,3,3,7,5/3/2019
11,Green,1.0,16.26,3,3,8,5/3/2019
12,Green,1.0,52.85,3,3,8,5/3/2019
13,Green,1.0,13.8,3,3,8,5/3/2019
14,Green,1.0,11.11,3,3,10,5/3/2019
15,Green,1.0,5.8,5,5,10,5/3/2019
16,Green,1.0,58.3,1,5,10,5/3/2019
17,Green,1.0,13.8,5,5,17,5/3/2019
18,Green,1.0,3.96,1,1,9,6/3/2019
19,Green,1.0,15.06,5,3,11,6/3/2019
20,Green,1.0,11.76,3,3,10,6/3/2019
21,Green,1.0,11.76,5,5,10,6/3/2019
22,Green,2.0,14.3,1,1,15,6/3/2019
23,Green,1.0,36.8,3,2,15,6/3/2019
24,Green,1.0,14.8,1,1,15,6/3/2019
25,Green,2.0,12.8,5,5,16,6/3/2019
26,Green,1.0,22.8,1,1,17,6/3/2019
27,Green,1.0,17.8,3,3,17,6/3/2019
28,Green,2.0,16.8,1,1,18,6/3/2019
29,Green,2.0,9.8,5,5,18,6/3/2019
30,Green,1.0,14.3,1,1,19,6/3/2019
31,Green,2.0,11.8,3,2,19,6/3/2019
32,Green,2.0,6.3,1,1,20,6/3/2019
33,Green,1.0,14.3,1,1,20,6/3/2019
34,Green,1.0,11.76,5,5,20,6/3/2019
35,Green,1.0,15.74,5,5,7,7/3/2019
36,Green,2.0,6.8,3,3,7,7/3/2019
37,Green,1.0,14.16,1,1,8,7/3/2019
38,Green,1.0,60.8,5,3,8,7/3/2019
39,Green,1.0,16.0,5,5,8,7/3/2019
40,Green,1.0,19.09,1,1,9,7/3/2019
41,Green,1.0,17.3,1,1,9,7/3/2019
42,Green,1.0,8.3,3,3,11,7/3/2019
43,Green,1.0,8.3,1,1,11,7/3/2019
44,Green,2.0,8.3,1,1,12,7/3/2019
45,Green,1.0,18.26,5,5,12,7/3/2019
46,Green,1.0,15.06,3,3,15,7/3/2019
47,Green,1.0,13.3,1,1,15,7/3/2019
48,Green,1.0,9.8,5,5,15,7/3/2019
49,Green,2.0,14.3,3,3,16,7/3/2019
50,Green,1.0,14.8,5,5,17,7/3/2019
51,Green,1.0,15.56,3,3,19,7/3/2019
52,Green,2.0,11.3,3,3,19,7/3/2019
53,Green,2.0,9.55,3,3,19,7/3/2019
54,Green,2.0,3.3,5,5,7,8/3/2019
55,Green,1.0,6.36,3,3,8,8/3/2019
56,Green,1.0,21.3,5,3,9,8/3/2019
57,Green,2.0,10.3,1,1,10,8/3/2019
58,Green,1.0,17.31,5,3,10,8/3/2019
59,Green,1.0,13.3,5,5,9,8/3/2019
60,Green,1.0,18.81,5,3,10,8/3/2019
61,Green,2.0,6.3,3,3,10,8/3/2019
62,Green,1.0,36.3,3,3,10,8/3/2019
63,Green,1.0,10.8,5,5,12,8/3/2019
64,Green,2.0,7.3,3,3,13,8/3/2019
65,Green,1.0,11.8,1,1,16,8/3/2019
66,Green,2.0,14.8,1,1,19,8/3/2019
67,Green,1.0,42.78,5,1,7,9/3/2019
68,Green,2.0,12.55,3,3,11,9/3/2019
69,Green,2.0,6.8,3,3,12,9/3/2019
70,Green,1.0,20.8,5,5,12,9/3/2019
71,Green,2.0,8.8,1,1,13,9/3/2019
72,Green,1.0,12.3,5,5,15,9/3/2019
73,Green,1.0,3.96,1,1,15,9/3/2019
74,Green,1.0,53.06,5,3,19,9/3/2019
75,Green,1.0,18.81,3,3,18,9/3/2019
76,Green,2.0,6.8,3,3,20,9/3/2019
77,Green,2.0,9.3,1,1,7,10/3/2019
78,Green,1.0,10.38,3,3,12,10/3/2019
79,Green,2.0,5.8,1,1,15,10/3/2019
80,Green,1.0,8.76,5,5,18,10/3/2019
81,Green,1.0,55.06,3,5,17,10/3/2019
82,Green,1.0,12.36,1,1,17,10/3/2019
83,Green,5.0,18.38,5,5,13,4/3/2019
84,Green,5.0,56.19,1,3,16,4/3/2019
85,Green,5.0,15.5,2,2,9,5/3/2019
86,Green,5.0,74.85,5,2,15,5/3/2019
87,Green,5.0,19.27,1,3,16,5/3/2019
88,Green,5.0,24.09,5,5,10,8/3/2019
89,Green,5.0,17.84,5,5,15,8/3/2019
90,Green,5.0,15.88,5,5,7,9/3/2019
91,Green,5.0,56.75,1,3,7,9/3/2019
92,Green,5.0,73.15,1,2,10,9/3/2019
93,Green,2.0,7.8,2,2,19,4/8/2019
94,Green,1.0,13.39,5,5,19,4/8/2019
95,Green,1.0,33.19,5,3,19,4/8/2019
96,Green,2.0,16.3,1,1,20,4/8/2019
97,Green,1.0,56.46,3,5,7,5/8/2019
98,Green,2.0,10.8,3,3,8,5/8/2019
99,Green,2.0,11.8,1,1,9,5/8/2019
100,Green,2.0,5.8,3,3,11,5/8/2019
101,Green,1.0,23.3,1,1,10,5/8/2019
102,Green,2.0,9.8,2,3,11,5/8/2019
103,Green,1.0,6.6,3,3,13,5/8/2019
104,Green,1.0,22.26,3,3,14,5/8/2019
105,Green,2.0,12.3,5,5,15,5/8/2019
106,Green,2.0,8.3,3,3,16,5/8/2019
107,Green,2.0,5.8,3,3,16,5/8/2019
108,Green,2.0,10.8,1,1,16,5/8/2019
109,Green,2.0,11.8,5,5,17,5/8/2019
110,Green,1.0,13.86,3,3,19,5/8/2019
111,Green,1.0,11.16,1,1,19,5/8/2019
112,Green,2.0,16.3,3,3,18,5/8/2019
113,Green,1.0,17.46,3,3,20,5/8/2019
114,Green,1.0,20.46,5,3,7,6/8/2019
115,Green,2.0,7.3,1,1,8,6/8/2019
116,Green,2.0,5.8,3,3,8,6/8/2019
117,Green,1.0,30.0,5,3,9,6/8/2019
118,Green,1.0,27.3,2,2,16,6/8/2019
119,Green,1.0,37.8,5,5,17,6/8/2019
120,Green,1.0,44.98,3,2,17,6/8/2019
121,Green,1.0,7.3,5,5,20,6/8/2019
122,Green,1.0,8.16,3,3,12,7/8/2019
123,Green,2.0,7.3,2,3,13,7/8/2019
124,Green,2.0,9.3,2,2,13,7/8/2019
125,Green,2.0,6.3,3,3,14,7/8/2019
126,Green,2.0,11.3,5,5,14,7/8/2019
127,Green,2.0,16.3,3,3,14,7/8/2019
128,Green,1.0,32.46,3,1,14,7/8/2019
129,Green,1.0,9.3,5,5,15,7/8/2019
130,Green,2.0,9.8,1,1,18,7/8/2019
131,Green,2.0,11.8,1,1,20,7/8/2019
132,Green,1.0,10.1,5,5,20,7/8/2019
133,Green,2.0,23.8,3,2,7,8/8/2019
134,Green,1.0,8.3,3,3,9,8/8/2019
135,Green,1.0,11.0,1,6,10,8/8/2019
136,Green,2.0,19.55,3,3,11,8/8/2019
137,Green,2.0,12.3,3,3,12,8/8/2019
138,Green,2.0,12.05,3,3,12,8/8/2019
139,Green,2.0,4.3,3,3,13,8/8/2019
140,Green,1.0,17.8,5,5,14,8/8/2019
141,Green,1.0,23.8,5,5,15,8/8/2019
142,Green,2.0,12.3,1,1,16,8/8/2019
143,Green,1.0,10.8,3,2,16,8/8/2019
144,Green,2.0,10.3,3,3,18,8/8/2019
145,Green,1.0,14.16,1,1,17,8/8/2019
146,Green,2.0,10.3,5,5,17,8/8/2019
147,Green,1.0,8.16,2,2,18,8/8/2019
148,Green,1.0,44.8,5,5,18,8/8/2019
149,Green,2.0,8.8,3,3,19,8/8/2019
150,Green,2.0,6.8,5,5,19,8/8/2019
151,Green,2.0,12.3,3,3,20,8/8/2019
152,Green,1.0,13.0,5,5,20,8/8/2019
153,Green,2.0,6.3,1,1,9,9/8/2019
154,Green,2.0,35.42,3,1,10,9/8/2019
155,Green,1.0,6.3,1,1,10,9/8/2019
156,Green,2.0,6.8,3,3,11,9/8/2019
157,Green,2.0,11.8,1,1,11,9/8/2019
158,Green,2.0,8.8,1,1,11,9/8/2019
159,Green,2.0,8.3,1,1,15,9/8/2019
160,Green,1.0,98.92,1,2,15,9/8/2019
161,Green,1.0,14.4,3,2,16,9/8/2019
162,Green,1.0,12.51,5,5,16,9/8/2019
163,Green,2.0,9.3,1,1,16,9/8/2019
164,Green,2.0,16.55,3,3,16,9/8/2019
165,Green,2.0,15.8,5,5,16,9/8/2019
166,Green,1.0,42.36,5,3,17,9/8/2019
167,Green,1.0,13.56,1,1,19,9/8/2019
168,Green,1.0,19.3,1,5,10,10/8/2019
169,Green,2.0,8.8,3,3,10,10/8/2019
170,Green,2.0,38.05,3,5,11,10/8/2019
171,Green,1.0,24.55,5,3,12,10/8/2019
172,Green,2.0,16.3,5,5,15,10/8/2019
173,Green,1.0,17.3,2,2,15,10/8/2019
174,Green,2.0,4.3,5,5,17,10/8/2019
175,Green,2.0,8.3,3,3,17,10/8/2019
176,Green,2.0,11.3,1,1,18,10/8/2019
177,Green,1.0,22.8,3,3,18,10/8/2019
178,Green,2.0,26.3,1,1,18,10/8/2019
179,Green,1.0,23.55,5,3,19,10/8/2019
180,Green,2.0,10.3,1,1,19,10/8/2019
181,Green,2.0,32.3,3,2,20,10/8/2019
182,Green,5.0,32.5,2,2,11,4/8/2019
183,Green,5.0,49.29,5,3,8,5/8/2019
184,Green,5.0,24.69,5,5,7,8/8/2019
185,Green,5.0,24.42,5,5,16,8/8/2019
186,Green,5.0,36.0,1,1,10,9/8/2019
187,Green,5.0,19.35,5,5,15,10/8/2019
188,Green,2.0,13.3,5,5,17,19/12/2019
189,Green,2.0,13.3,3,3,17,19/12/2019
190,Green,1.0,23.0,1,1,17,19/12/2019
191,Green,2.0,6.8,5,5,17,19/12/2019
192,Green,2.0,16.05,3,3,18,19/12/2019
193,Green,1.0,68.37,3,1,19,19/12/2019
194,Green,2.0,22.8,1,1,19,19/12/2019
195,Green,1.0,8.16,3,3,20,19/12/2019
196,Green,2.0,6.8,3,3,6,20/12/2019
197,Green,1.0,23.05,3,3,8,20/12/2019
198,Green,2.0,15.3,3,3,10,20/12/2019
199,Green,2.0,23.05,3,3,10,20/12/2019
200,Green,1.0,14.16,1,1,12,20/12/2019
201,Green,1.0,20.46,3,3,13,20/12/2019
202,Green,2.0,5.8,3,3,13,20/12/2019
203,Green,2.0,6.8,5,5,14,20/12/2019
204,Green,1.0,9.96,3,3,15,20/12/2019
205,Green,1.0,18.36,1,1,16,20/12/2019
206,Green,2.0,7.8,3,3,17,20/12/2019
207,Green,2.0,10.3,1,1,17,20/12/2019
208,Green,1.0,15.38,5,5,17,20/12/2019
209,Green,1.0,11.62,1,1,18,20/12/2019
210,Green,2.0,7.8,3,3,18,20/12/2019
211,Green,1.0,12.36,5,5,19,20/12/2019
212,Green,1.0,27.8,5,5,15,21/12/2019
213,Green,1.0,13.3,5,5,16,21/12/2019
214,Green,2.0,9.3,1,1,16,21/12/2019
215,Green,1.0,14.46,3,3,20,21/12/2019
216,Green,2.0,45.42,3,1,15,22/12/2019
217,Green,1.0,21.62,1,5,15,22/12/2019
218,Green,2.0,6.8,3,3,16,22/12/2019
219,Green,1.0,13.5,1,1,16,22/12/2019
220,Green,2.0,19.3,1,1,17,22/12/2019
221,Green,2.0,9.8,3,3,17,22/12/2019
222,Green,2.0,5.8,5,5,17,22/12/2019
223,Green,2.0,7.8,5,5,19,22/12/2019
224,Green,1.0,12.66,3,3,10,23/12/2019
225,Green,1.0,133.56,3,0,14,23/12/2019
226,Green,1.0,22.56,3,3,14,23/12/2019
227,Green,1.0,14.55,3,3,15,23/12/2019
228,Green,2.0,23.05,1,3,16,23/12/2019
229,Green,1.0,19.3,5,5,18,23/12/2019
230,Green,1.0,15.96,1,1,18,23/12/2019
231,Green,1.0,17.76,3,3,19,23/12/2019
232,Green,1.0,7.8,1,1,20,23/12/2019
233,Green,2.0,24.8,1,1,20,23/12/2019
234,Green,2.0,13.3,2,2,9,24/12/2019
235,Green,2.0,9.8,1,1,10,24/12/2019
236,Green,2.0,6.3,1,1,12,24/12/2019
237,Green,1.0,27.06,5,3,13,24/12/2019
238,Green,2.0,18.3,5,5,13,24/12/2019
239,Green,2.0,7.3,1,1,14,24/12/2019
240,Green,1.0,52.8,1,6,14,24/12/2019
241,Green,1.0,21.0,3,3,15,24/12/2019
242,Green,2.0,24.05,3,3,16,24/12/2019
243,Green,2.0,7.8,1,1,16,24/12/2019
244,Green,1.0,18.36,5,5,16,24/12/2019
245,Green,1.0,9.96,1,1,17,24/12/2019
246,Green,2.0,8.3,2,2,17,24/12/2019
247,Green,1.0,9.49,1,1,20,24/12/2019
248,Green,1.0,8.3,3,3,6,25/12/2019
249,Green,1.0,10.55,3,3,6,25/12/2019
250,Green,2.0,11.3,3,3,11,25/12/2019
251,Green,1.0,16.86,3,3,11,25/12/2019
252,Green,2.0,7.3,1,1,12,25/12/2019
253,Green,2.0,13.3,3,2,17,25/12/2019
254,Green,1.0,13.3,3,2,19,25/12/2019
255,Green,1.0,8.4,3,3,6,26/12/2019
256,Green,2.0,18.05,5,3,7,26/12/2019
257,Green,2.0,12.3,1,1,8,26/12/2019
258,Green,2.0,5.3,1,1,9,26/12/2019
259,Green,1.0,48.8,3,3,9,26/12/2019
260,Green,1.0,38.19,5,3,11,26/12/2019
261,Green,1.0,14.12,1,1,14,26/12/2019
262,Green,1.0,31.26,3,3,18,26/12/2019
263,Green,1.0,24.55,3,3,19,26/12/2019
264,Green,2.0,10.3,1,1,20,26/12/2019
265,Green,5.0,79.05,2,5,6,19/12/2019
266,Green,5.0,36.0,3,2,15,19/12/2019
267,Green,5.0,16.39,5,5,16,19/12/2019
268,Green,5.0,26.36,5,5,7,20/12/2019
269,Green,5.0,33.68,5,5,8,20/12/2019
270,Green,5.0,57.67,3,1,11,20/12/2019
271,Green,5.0,26.36,5,5,11,20/12/2019
272,Green,5.0,21.64,2,2,12,20/12/2019
273,Green,5.0,22.87,5,5,14,20/12/2019
274,Green,5.0,25.5,5,5,16,20/12/2019
275,Green,5.0,32.82,5,1,18,20/12/2019
276,Green,5.0,46.5,1,1,12,21/12/2019
277,Green,5.0,19.35,5,5,18,21/12/2019
278,Green,5.0,74.11,5,2,14,23/12/2019
279,Green,5.0,20.65,2,2,8,24/12/2019
280,Green,5.0,29.0,2,2,14,24/12/2019
281,Green,5.0,23.11,5,5,8,26/12/2019
282,Green,5.0,18.48,5,5,11,26/12/2019
283,Green,2.0,20.0,5,6,13,4/3/2020
284,Green,1.0,12.7,5,5,16,4/3/2020
285,Green,1.0,11.16,3,3,18,4/3/2020
286,Green,1.0,8.57,3,3,18,4/3/2020
287,Green,1.0,8.16,3,3,19,4/3/2020
288,Green,1.0,7.54,1,1,20,4/3/2020
289,Green,2.0,12.3,2,3,6,5/3/2020
290,Green,2.0,7.8,3,3,8,5/3/2020
291,Green,2.0,30.3,1,1,8,5/3/2020
292,Green,1.0,33.36,5,3,10,5/3/2020
293,Green,1.0,10.86,3,3,10,5/3/2020
294,Green,2.0,11.8,1,1,11,5/3/2020
295,Green,1.0,13.0,3,3,13,5/3/2020
296,Green,2.0,8.8,3,3,14,5/3/2020
297,Green,1.0,10.8,5,5,16,5/3/2020
298,Green,2.0,15.3,1,1,16,5/3/2020
299,Green,1.0,16.05,3,3,16,5/3/2020
300,Green,2.0,12.3,1,1,16,5/3/2020
301,Green,1.0,18.0,3,2,17,5/3/2020
302,Green,1.0,13.25,3,3,15,5/3/2020
303,Green,1.0,6.96,5,5,19,5/3/2020
304,Green,1.0,8.16,1,1,20,5/3/2020
305,Green,2.0,15.3,3,2,19,5/3/2020
306,Green,2.0,10.8,5,5,20,5/3/2020
307,Green,2.0,4.8,1,1,7,6/3/2020
308,Green,2.0,14.8,1,1,8,6/3/2020
309,Green,2.0,5.3,5,5,9,6/3/2020
310,Green,2.0,8.5,3,3,10,6/3/2020
311,Green,2.0,12.3,2,2,10,6/3/2020
312,Green,2.0,16.8,1,1,17,6/3/2020
313,Green,1.0,18.0,3,2,18,6/3/2020
314,Green,1.0,20.05,2,3,19,6/3/2020
315,Green,1.0,22.56,5,5,8,7/3/2020
316,Green,1.0,18.35,5,3,14,7/3/2020
317,Green,1.0,69.66,5,3,16,7/3/2020
318,Green,2.0,8.3,1,1,17,7/3/2020
319,Green,2.0,11.8,1,1,17,7/3/2020
320,Green,1.0,37.26,3,3,18,7/3/2020
321,Green,2.0,4.8,3,3,18,7/3/2020
322,Green,1.0,25.3,3,3,18,7/3/2020
323,Green,1.0,20.76,5,5,18,7/3/2020
324,Green,1.0,9.3,5,5,20,7/3/2020
325,Green,1.0,15.06,3,3,14,8/3/2020
326,Green,1.0,18.3,5,5,16,8/3/2020
327,Green,1.0,18.66,3,3,18,8/3/2020
328,Green,1.0,14.55,3,3,18,8/3/2020
329,Green,1.0,7.3,5,5,20,8/3/2020
330,Green,2.0,7.3,5,5,9,9/3/2020
331,Green,2.0,7.8,3,3,9,9/3/2020
332,Green,1.0,30.66,3,3,10,9/3/2020
333,Green,1.0,24.66,3,3,12,9/3/2020
334,Green,1.0,20.87,5,3,12,9/3/2020
335,Green,1.0,6.89,3,3,15,9/3/2020
336,Green,2.0,5.8,5,5,15,9/3/2020
337,Green,1.0,31.26,3,3,17,9/3/2020
338,Green,1.0,10.0,3,3,17,9/3/2020
339,Green,1.0,7.9,1,1,18,9/3/2020
340,Green,1.0,8.97,1,1,19,9/3/2020
341,Green,2.0,10.8,1,1,19,9/3/2020
342,Green,1.0,8.76,1,1,20,9/3/2020
343,Green,2.0,26.42,3,1,6,10/3/2020
344,Green,1.0,15.96,3,3,7,10/3/2020
345,Green,1.0,7.3,2,2,8,10/3/2020
346,Green,2.0,8.3,3,3,8,10/3/2020
347,Green,1.0,36.3,3,5,10,10/3/2020
348,Green,2.0,9.8,3,3,10,10/3/2020
349,Green,2.0,9.8,3,3,14,10/3/2020
350,Green,1.0,10.56,1,1,15,10/3/2020
351,Green,2.0,13.55,3,3,15,10/3/2020
352,Green,1.0,15.66,3,3,16,10/3/2020
353,Green,1.0,9.8,3,3,15,10/3/2020
354,Green,1.0,11.76,3,3,16,10/3/2020
355,Green,1.0,8.16,3,3,19,10/3/2020
356,Green,5.0,34.95,5,3,7,4/3/2020
357,Green,5.0,13.8,5,5,9,4/3/2020
358,Green,5.0,17.82,1,1,9,4/3/2020
359,Green,5.0,22.4,2,2,11,4/3/2020
360,Green,5.0,16.47,5,5,11,4/3/2020
361,Green,5.0,8.3,2,2,12,4/3/2020
362,Green,5.0,21.5,5,5,14,4/3/2020
363,Green,5.0,16.68,3,2,8,5/3/2020
364,Green,5.0,20.69,5,5,9,6/3/2020
365,Green,5.0,10.8,5,5,11,6/3/2020
366,Green,5.0,22.45,5,5,14,6/3/2020
367,Green,5.0,12.3,5,5,14,6/3/2020
368,Green,5.0,14.17,5,5,15,6/3/2020
369,Green,5.0,20.99,5,5,12,7/3/2020
370,Green,5.0,10.84,2,3,19,7/3/2020
371,Green,5.0,38.75,2,5,7,8/3/2020
372,Green,5.0,9.3,5,5,14,8/3/2020
373,Green,5.0,11.3,5,5,15,8/3/2020
374,Green,5.0,14.32,5,5,7,9/3/2020
375,Green,5.0,22.99,5,5,7,9/3/2020
376,Green,5.0,40.52,5,3,8,9/3/2020
377,Green,5.0,31.43,1,5,10,9/3/2020
378,Green,5.0,8.3,5,5,13,9/3/2020
379,Green,5.0,11.39,2,2,14,9/3/2020
380,Green,5.0,12.88,5,5,8,10/3/2020
381,Green,5.0,78.26,5,3,12,10/3/2020
382,Green,1.0,17.05,3,3,9,4/8/2020
383,Green,1.0,33.55,3,3,10,4/8/2020
384,Green,2.0,11.3,2,2,14,4/8/2020
385,Green,2.0,12.3,1,1,18,4/8/2020
386,Green,2.0,8.3,1,1,18,4/8/2020
387,Green,2.0,19.1,3,2,7,5/8/2020
388,Green,1.0,5.3,3,3,8,5/8/2020
389,Green,2.0,5.3,3,3,10,5/8/2020
390,Green,2.0,14.8,3,3,10,5/8/2020
391,Green,1.0,38.16,1,6,10,5/8/2020
392,Green,2.0,7.3,3,3,10,5/8/2020
393,Green,2.0,3.8,3,3,11,5/8/2020
394,Green,2.0,17.8,5,5,12,5/8/2020
395,Green,2.0,20.3,3,2,14,5/8/2020
396,Green,1.0,88.67,5,2,16,5/8/2020
397,Green,2.0,14.8,3,3,16,5/8/2020
398,Green,2.0,13.3,3,3,17,5/8/2020
399,Green,1.0,29.38,3,3,17,5/8/2020
400,Green,1.0,13.8,3,3,18,5/8/2020
401,Green,1.0,19.56,5,5,20,5/8/2020
402,Green,1.0,23.8,3,2,9,6/8/2020
403,Green,1.0,64.67,2,1,10,6/8/2020
404,Green,1.0,8.8,3,3,11,6/8/2020
405,Green,1.0,9.8,3,3,12,6/8/2020
406,Green,2.0,25.8,3,2,14,6/8/2020
407,Green,2.0,7.3,3,3,14,6/8/2020
408,Green,2.0,9.8,3,3,14,6/8/2020
409,Green,2.0,38.17,1,3,16,6/8/2020
410,Green,1.0,9.96,5,5,19,6/8/2020
411,Green,1.0,43.8,1,1,20,6/8/2020
412,Green,1.0,59.17,2,1,6,7/8/2020
413,Green,1.0,8.3,3,3,6,7/8/2020
414,Green,1.0,27.0,1,6,8,7/8/2020
415,Green,1.0,13.3,5,5,10,7/8/2020
416,Green,1.0,11.8,3,3,11,7/8/2020
417,Green,2.0,11.3,3,2,11,7/8/2020
418,Green,2.0,19.3,3,2,12,7/8/2020
419,Green,2.0,8.3,3,3,12,7/8/2020
420,Green,2.0,8.8,3,3,15,7/8/2020
421,Green,2.0,7.8,3,3,15,7/8/2020
422,Green,2.0,6.3,3,3,16,7/8/2020
423,Green,1.0,41.33,3,3,16,7/8/2020
424,Green,1.0,12.0,5,5,18,7/8/2020
425,Green,2.0,26.92,3,1,6,8/8/2020
426,Green,1.0,30.42,1,3,7,8/8/2020
427,Green,2.0,5.8,3,3,11,8/8/2020
428,Green,1.0,22.26,3,3,11,8/8/2020
429,Green,1.0,0.0,1,1,13,8/8/2020
430,Green,1.0,14.46,3,3,15,8/8/2020
431,Green,1.0,15.8,1,1,16,8/8/2020
432,Green,1.0,29.0,5,5,16,8/8/2020
433,Green,2.0,7.3,1,1,16,8/8/2020
434,Green,2.0,12.3,3,2,18,8/8/2020
435,Green,2.0,10.3,3,3,20,8/8/2020
436,Green,1.0,97.29,1,4,20,8/8/2020
437,Green,2.0,35.05,3,5,7,9/8/2020
438,Green,2.0,7.8,1,1,8,9/8/2020
439,Green,2.0,15.8,1,1,9,9/8/2020
440,Green,1.0,20.3,1,1,9,9/8/2020
441,Green,1.0,8.76,3,3,12,9/8/2020
442,Green,2.0,9.8,3,3,13,9/8/2020
443,Green,1.0,11.16,5,5,20,9/8/2020
444,Green,1.0,21.0,2,2,20,9/8/2020
445,Green,2.0,11.3,3,3,7,10/8/2020
446,Green,2.0,13.8,3,3,8,10/8/2020
447,Green,2.0,14.8,1,1,10,10/8/2020
448,Green,1.0,43.0,5,5,11,10/8/2020
449,Green,1.0,11.16,3,3,15,10/8/2020
450,Green,5.0,34.86,3,3,6,4/8/2020
451,Green,5.0,22.11,1,1,10,4/8/2020
452,Green,5.0,23.11,5,5,8,5/8/2020
453,Green,5.0,35.82,5,3,9,5/8/2020
454,Green,5.0,25.5,3,3,10,5/8/2020
455,Green,5.0,24.42,5,5,11,5/8/2020
456,Green,5.0,31.17,2,2,11,5/8/2020
457,Green,5.0,55.73,5,1,13,5/8/2020
458,Green,5.0,57.67,3,1,16,5/8/2020
459,Green,5.0,16.12,1,1,8,6/8/2020
460,Green,5.0,30.32,2,2,10,6/8/2020
461,Green,5.0,21.57,2,2,10,6/8/2020
462,Green,5.0,56.45,2,3,12,7/8/2020
463,Green,5.0,37.9,3,2,15,7/8/2020
464,Green,5.0,28.64,5,5,17,7/8/2020
465,Green,5.0,32.5,5,5,20,7/8/2020
466,Green,5.0,22.0,3,3,9,8/8/2020
467,Green,5.0,34.09,1,1,9,8/8/2020
468,Green,5.0,22.87,5,5,14,8/8/2020
469,Green,5.0,22.78,5,5,17,8/8/2020
470,Green,5.0,37.42,5,3,6,9/8/2020
471,Green,5.0,30.32,2,2,8,9/8/2020
472,Green,5.0,18.48,5,5,10,9/8/2020
473,Green,5.0,23.85,2,2,10,10/8/2020
474,Green,5.0,32.5,3,2,11,10/8/2020
475,Green,5.0,68.09,2,1,13,10/8/2020
476,Green,5.0,50.0,5,3,13,10/8/2020
477,Green,5.0,21.3,3,2,13,10/8/2020
478,Green,5.0,24.42,5,5,13,10/8/2020
479,Green,5.0,39.11,1,3,14,10/8/2020
480,Green,5.0,61.93,3,5,18,10/8/2020
481,Green,5.0,18.5,1,1,18,10/8/2020
482,Green,2.0,6.3,3,3,11,19/12/2020
483,Green,1.0,17.0,3,3,11,19/12/2020
484,Green,2.0,12.8,5,5,15,19/12/2020
485,Green,1.0,23.8,1,5,19,19/12/2020
486,Green,2.0,7.3,3,3,19,19/12/2020
487,Green,1.0,54.55,1,5,8,20/12/2020
488,Green,1.0,41.3,1,6,9,20/12/2020
489,Green,1.0,96.67,2,5,12,20/12/2020
490,Green,2.0,9.8,3,3,13,20/12/2020
491,Green,1.0,10.0,5,5,13,20/12/2020
492,Green,1.0,15.06,3,3,13,20/12/2020
493,Green,1.0,29.15,5,5,14,20/12/2020
494,Green,2.0,6.3,3,3,15,20/12/2020
495,Green,1.0,8.15,1,1,18,20/12/2020
496,Green,1.0,12.0,5,5,8,21/12/2020
497,Green,1.0,14.3,5,5,9,21/12/2020
498,Green,2.0,6.3,1,1,9,21/12/2020
499,Green,2.0,7.8,3,3,12,21/12/2020
500,Green,1.0,11.62,3,3,16,21/12/2020
501,Green,2.0,16.8,5,5,17,21/12/2020
502,Green,1.0,62.05,4,4,17,21/12/2020
503,Green,1.0,25.56,5,5,19,21/12/2020
504,Green,1.0,17.76,3,3,19,21/12/2020
505,Green,2.0,6.8,3,3,20,21/12/2020
506,Green,1.0,24.55,3,3,7,22/12/2020
507,Green,2.0,7.8,5,5,12,22/12/2020
508,Green,2.0,10.3,1,1,13,22/12/2020
509,Green,1.0,14.3,1,1,13,22/12/2020
510,Green,1.0,18.36,5,5,13,22/12/2020
511,Green,2.0,10.3,3,3,14,22/12/2020
512,Green,1.0,26.0,3,3,16,22/12/2020
513,Green,1.0,16.8,3,3,17,22/12/2020
514,Green,1.0,17.29,1,1,17,22/12/2020
515,Green,1.0,16.25,3,3,18,22/12/2020
516,Green,2.0,23.3,2,6,18,22/12/2020
517,Green,1.0,13.8,1,1,18,22/12/2020
518,Green,2.0,15.3,3,2,7,23/12/2020
519,Green,1.0,53.92,1,2,8,23/12/2020
520,Green,2.0,7.3,3,3,9,23/12/2020
521,Green,1.0,11.8,5,5,11,23/12/2020
522,Green,1.0,7.8,3,3,13,23/12/2020
523,Green,1.0,50.3,1,5,15,23/12/2020
524,Green,2.0,11.3,3,3,17,23/12/2020
525,Green,1.0,13.56,3,3,18,23/12/2020
526,Green,1.0,9.96,1,1,19,23/12/2020
527,Green,1.0,17.16,3,3,19,23/12/2020
528,Green,2.0,13.8,1,1,19,23/12/2020
529,Green,1.0,31.25,3,3,9,24/12/2020
530,Green,2.0,34.3,2,6,11,24/12/2020
531,Green,2.0,19.55,3,3,11,24/12/2020
532,Green,1.0,26.76,5,5,11,24/12/2020
533,Green,1.0,5.8,3,3,11,24/12/2020
534,Green,2.0,7.3,5,5,12,24/12/2020
535,Green,1.0,39.8,5,3,12,24/12/2020
536,Green,2.0,14.8,3,3,13,24/12/2020
537,Green,1.0,21.06,3,3,14,24/12/2020
538,Green,2.0,13.55,3,3,18,24/12/2020
539,Green,1.0,13.8,3,3,18,24/12/2020
540,Green,2.0,7.8,3,3,19,24/12/2020
541,Green,1.0,10.8,5,5,19,24/12/2020
542,Green,1.0,77.67,5,6,13,25/12/2020
543,Green,2.0,7.3,5,5,16,25/12/2020
544,Green,1.0,12.13,3,3,9,26/12/2020
545,Green,2.0,4.8,3,3,16,26/12/2020
546,Green,2.0,9.3,3,3,20,26/12/2020
547,Green,5.0,18.5,5,5,14,19/12/2020
548,Green,5.0,19.78,5,5,16,19/12/2020
549,Green,5.0,45.44,3,2,8,20/12/2020
550,Green,5.0,32.99,3,2,8,20/12/2020
551,Green,5.0,43.16,2,1,9,20/12/2020
552,Green,5.0,50.82,2,5,13,20/12/2020
553,Green,5.0,30.11,5,5,6,21/12/2020
554,Green,5.0,48.94,5,3,9,21/12/2020
555,Green,5.0,50.2,5,1,10,21/12/2020
556,Green,5.0,36.01,5,5,10,21/12/2020
557,Green,5.0,33.85,1,1,9,22/12/2020
558,Green,5.0,20.74,3,3,10,22/12/2020
559,Green,5.0,25.5,2,2,11,22/12/2020
560,Green,5.0,25.5,2,2,12,22/12/2020
561,Green,5.0,38.44,1,5,12,22/12/2020
562,Green,5.0,24.42,5,5,14,22/12/2020
563,Green,5.0,22.0,2,2,16,22/12/2020
564,Green,5.0,34.07,3,1,17,22/12/2020
565,Green,5.0,18.94,1,1,17,22/12/2020
566,Green,5.0,15.67,2,2,12,23/12/2020
567,Green,5.0,24.62,1,1,13,23/12/2020
568,Green,5.0,24.62,1,1,14,23/12/2020
569,Green,5.0,19.78,5,5,14,23/12/2020
570,Green,5.0,54.6,5,3,14,23/12/2020
571,Green,5.0,17.66,2,2,14,23/12/2020
572,Green,5.0,51.16,5,5,14,23/12/2020
573,Green,5.0,26.36,5,5,17,23/12/2020
574,Green,5.0,25.5,2,2,8,24/12/2020
575,Green,5.0,22.45,1,1,10,25/12/2020
576,Green,5.0,19.78,5,5,13,25/12/2020
577,Green,5.0,23.11,5,5,15,25/12/2020
578,Green,5.0,33.32,5,3,17,25/12/2020
579,Green,5.0,28.48,5,5,7,26/12/2020
580,Green,5.0,18.5,2,2,9,26/12/2020
581,Green,5.0,19.78,5,5,19,26/12/2020
582,Green,1.0,39.44,3,3,9,4/3/2021
583,Green,2.0,8.8,3,2,10,4/3/2021
584,Green,2.0,13.3,1,1,18,4/3/2021
585,Green,1.0,13.3,5,5,17,4/3/2021
586,Green,1.0,14.1,3,3,20,4/3/2021
587,Green,1.0,15.0,3,3,6,5/3/2021
588,Green,2.0,6.8,3,3,9,5/3/2021
589,Green,1.0,14.46,3,3,9,5/3/2021
590,Green,1.0,34.86,3,3,9,5/3/2021
591,Green,1.0,9.13,1,1,11,5/3/2021
592,Green,1.0,9.3,3,3,14,5/3/2021
593,Green,1.0,8.19,1,1,16,5/3/2021
594,Green,2.0,7.8,3,3,17,5/3/2021
595,Green,2.0,21.3,5,5,20,5/3/2021
596,Green,1.0,8.16,3,3,12,6/3/2021
597,Green,1.0,9.54,3,3,13,6/3/2021
598,Green,2.0,10.8,5,5,15,6/3/2021
599,Green,2.0,24.55,5,3,16,6/3/2021
600,Green,1.0,10.8,5,5,16,6/3/2021
601,Green,1.0,9.8,1,1,17,6/3/2021
602,Green,2.0,12.8,3,2,18,6/3/2021
603,Green,2.0,4.8,3,3,13,7/3/2021
604,Green,1.0,19.3,5,5,14,7/3/2021
605,Green,1.0,5.76,5,5,14,7/3/2021
606,Green,1.0,21.0,3,2,14,7/3/2021
607,Green,2.0,6.3,1,1,16,7/3/2021
608,Green,1.0,9.96,3,3,19,7/3/2021
609,Green,1.0,6.3,3,3,6,8/3/2021
610,Green,1.0,18.66,1,3,7,8/3/2021
611,Green,1.0,28.86,3,3,9,8/3/2021
612,Green,2.0,7.3,3,3,8,8/3/2021
613,Green,2.0,73.8,1,1,10,8/3/2021
614,Green,1.0,19.25,3,3,11,8/3/2021
615,Green,2.0,11.05,3,3,12,8/3/2021
616,Green,2.0,15.55,3,3,13,8/3/2021
617,Green,2.0,5.8,5,5,15,8/3/2021
618,Green,1.0,17.88,5,5,17,8/3/2021
619,Green,2.0,24.92,3,1,7,9/3/2021
620,Green,1.0,19.26,3,3,10,9/3/2021
621,Green,1.0,7.56,5,5,10,9/3/2021
622,Green,2.0,4.3,3,3,13,9/3/2021
623,Green,2.0,16.8,1,1,13,9/3/2021
624,Green,1.0,85.42,5,3,13,9/3/2021
625,Green,3.0,4.3,2,2,16,9/3/2021
626,Green,1.0,13.5,3,3,17,9/3/2021
627,Green,2.0,6.3,3,3,17,9/3/2021
628,Green,1.0,12.74,5,5,18,9/3/2021
629,Green,1.0,40.86,3,3,18,9/3/2021
630,Green,2.0,17.55,3,3,18,9/3/2021
631,Green,2.0,10.55,3,3,18,9/3/2021
632,Green,1.0,8.8,1,1,6,10/3/2021
633,Green,1.0,9.96,3,3,7,10/3/2021
634,Green,2.0,8.3,3,3,12,10/3/2021
635,Green,1.0,16.0,3,3,12,10/3/2021
636,Green,1.0,11.3,1,1,14,10/3/2021
637,Green,1.0,12.3,5,5,16,10/3/2021
638,Green,1.0,20.8,5,5,17,10/3/2021
639,Green,1.0,15.96,1,1,20,10/3/2021
640,Green,5.0,22.29,2,2,11,4/3/2021
641,Green,5.0,36.45,5,3,12,4/3/2021
642,Green,5.0,17.27,2,2,16,4/3/2021
643,Green,5.0,23.58,2,2,18,4/3/2021
644,Green,5.0,21.73,5,5,8,5/3/2021
645,Green,5.0,17.0,5,5,8,5/3/2021
646,Green,5.0,9.3,3,3,9,5/3/2021
647,Green,5.0,26.36,5,5,11,5/3/2021
648,Green,5.0,23.58,2,2,14,5/3/2021
649,Green,5.0,16.13,2,2,15,5/3/2021
650,Green,5.0,32.5,1,5,15,5/3/2021
651,Green,5.0,42.92,1,5,11,7/3/2021
652,Green,5.0,22.2,5,5,15,7/3/2021
653,Green,5.0,62.7,5,1,6,8/3/2021
654,Green,5.0,35.18,2,3,7,8/3/2021
655,Green,5.0,34.04,5,5,7,8/3/2021
656,Green,5.0,35.34,5,5,9,8/3/2021
657,Green,5.0,46.5,1,1,10,8/3/2021
658,Green,5.0,31.27,5,5,11,8/3/2021
659,Green,5.0,34.04,3,5,11,8/3/2021
660,Green,5.0,32.08,3,2,20,8/3/2021
661,Green,5.0,31.31,5,3,8,9/3/2021
662,Green,5.0,21.57,2,2,9,9/3/2021
663,Green,5.0,44.73,5,3,9,9/3/2021
664,Green,5.0,35.29,2,3,9,9/3/2021
665,Green,5.0,34.04,5,5,9,9/3/2021
666,Green,5.0,24.29,1,1,9,9/3/2021
667,Green,5.0,22.51,3,2,11,9/3/2021
668,Green,5.0,37.67,3,1,13,9/3/2021
669,Green,5.0,16.93,2,2,8,10/3/2021
670,Green,5.0,16.39,5,5,8,10/3/2021
671,Green,5.0,24.31,1,1,9,10/3/2021
672,Green,5.0,19.78,5,5,9,10/3/2021
673,Green,5.0,30.16,5,5,10,10/3/2021
674,Green,5.0,26.48,2,2,10,10/3/2021
675,Green,5.0,23.58,2,2,13,10/3/2021
676,Green,5.0,43.88,1,5,14,10/3/2021
677,Green,5.0,25.5,2,2,14,10/3/2021
678,Green,5.0,28.41,1,1,15,10/3/2021
679,Green,5.0,26.36,5,5,16,10/3/2021
680,Green,5.0,21.3,2,3,17,10/3/2021
681,Green,2.0,6.3,3,3,8,4/8/2021
682,Green,2.0,5.3,1,1,9,4/8/2021
683,Green,2.0,9.8,3,3,12,4/8/2021
684,Green,1.0,16.55,3,3,17,4/8/2021
685,Green,1.0,38.3,1,5,17,4/8/2021
686,Green,1.0,11.15,5,5,18,4/8/2021
687,Green,1.0,16.86,3,3,19,4/8/2021
688,Green,1.0,12.36,3,3,7,5/8/2021
689,Green,1.0,84.35,5,1,8,5/8/2021
690,Green,1.0,21.84,1,5,8,5/8/2021
691,Green,2.0,8.8,3,3,8,5/8/2021
692,Green,1.0,58.35,3,1,9,5/8/2021
693,Green,2.0,26.05,3,3,10,5/8/2021
694,Green,2.0,3.8,1,1,10,5/8/2021
695,Green,1.0,47.22,3,1,14,5/8/2021
696,Green,1.0,6.8,3,3,14,5/8/2021
697,Green,1.0,9.95,1,1,15,5/8/2021
698,Green,1.0,12.36,1,1,17,5/8/2021
699,Green,1.0,28.26,3,3,20,5/8/2021
700,Green,2.0,22.8,3,2,7,6/8/2021
701,Green,2.0,8.8,3,3,9,6/8/2021
702,Green,1.0,41.45,3,3,10,6/8/2021
703,Green,1.0,6.95,3,3,11,6/8/2021
704,Green,2.0,9.55,3,3,12,6/8/2021
705,Green,2.0,15.3,3,3,12,6/8/2021
706,Green,2.0,11.3,3,2,14,6/8/2021
707,Green,3.0,5.8,5,5,18,6/8/2021
708,Green,2.0,11.55,3,3,18,6/8/2021
709,Green,2.0,8.3,3,3,19,6/8/2021
710,Green,2.0,9.8,5,5,19,6/8/2021
711,Green,1.0,18.05,3,3,20,6/8/2021
712,Green,2.0,42.85,3,1,9,7/8/2021
713,Green,2.0,5.3,3,3,10,7/8/2021
714,Green,1.0,20.05,5,3,11,7/8/2021
715,Green,1.0,70.62,3,1,12,7/8/2021
716,Green,1.0,24.05,5,3,12,7/8/2021
717,Green,1.0,18.27,3,3,14,7/8/2021
718,Green,2.0,18.3,5,5,15,7/8/2021
719,Green,1.0,5.8,3,3,16,7/8/2021
720,Green,1.0,19.86,3,3,16,7/8/2021
721,Green,2.0,19.05,3,3,19,7/8/2021
722,Green,2.0,23.8,3,3,9,8/8/2021
723,Green,1.0,96.05,6,2,14,8/8/2021
724,Green,1.0,7.3,3,3,16,8/8/2021
725,Green,1.0,19.86,3,3,18,8/8/2021
726,Green,1.0,21.36,2,2,19,8/8/2021
727,Green,1.0,16.26,3,3,19,8/8/2021
728,Green,1.0,50.05,5,3,19,8/8/2021
729,Green,2.0,5.3,3,3,8,9/8/2021
730,Green,2.0,12.0,1,1,10,9/8/2021
731,Green,2.0,13.8,1,1,10,9/8/2021
732,Green,1.0,44.46,3,3,10,9/8/2021
733,Green,1.0,17.55,3,3,11,9/8/2021
734,Green,2.0,11.8,3,2,11,9/8/2021
735,Green,1.0,27.56,3,3,11,9/8/2021
736,Green,2.0,9.3,3,3,13,9/8/2021
737,Green,2.0,16.3,3,3,13,9/8/2021
738,Green,1.0,12.36,3,3,18,9/8/2021
739,Green,1.0,9.3,3,3,19,9/8/2021
740,Green,2.0,13.3,2,3,19,9/8/2021
741,Green,1.0,13.55,3,3,20,9/8/2021
742,Green,1.0,5.76,3,3,7,10/8/2021
743,Green,1.0,12.35,3,3,8,10/8/2021
744,Green,2.0,6.8,3,3,11,10/8/2021
745,Green,1.0,30.85,2,3,16,10/8/2021
746,Green,1.0,20.46,3,3,18,10/8/2021
747,Green,5.0,16.5,3,3,9,4/8/2021
748,Green,5.0,28.26,1,1,10,4/8/2021
749,Green,5.0,32.5,2,2,12,4/8/2021
750,Green,5.0,22.0,5,5,12,4/8/2021
751,Green,5.0,13.5,2,2,12,4/8/2021
752,Green,5.0,18.52,3,3,15,4/8/2021
753,Green,5.0,13.95,1,1,19,4/8/2021
754,Green,5.0,29.0,5,3,10,5/8/2021
755,Green,5.0,49.29,5,3,11,5/8/2021
756,Green,5.0,23.39,3,2,12,5/8/2021
757,Green,5.0,25.5,5,5,13,6/8/2021
758,Green,5.0,32.55,1,1,16,6/8/2021
759,Green,5.0,19.78,5,5,6,7/8/2021
760,Green,5.0,24.62,1,1,7,7/8/2021
761,Green,5.0,21.64,2,2,8,7/8/2021
762,Green,5.0,43.0,5,1,11,7/8/2021
763,Green,5.0,61.08,5,1,13,7/8/2021
764,Green,5.0,39.21,5,5,14,7/8/2021
765,Green,5.0,19.78,5,5,14,7/8/2021
766,Green,5.0,41.22,5,3,15,8/8/2021
767,Green,5.0,33.46,3,3,20,8/8/2021
768,Green,5.0,27.13,5,5,8,9/8/2021
769,Green,5.0,25.84,2,2,8,9/8/2021
770,Green,5.0,26.36,5,5,8,9/8/2021
771,Green,5.0,23.61,3,3,8,9/8/2021
772,Green,5.0,16.5,3,3,9,9/8/2021
773,Green,5.0,57.58,1,3,11,9/8/2021
774,Green,5.0,44.14,5,3,11,9/8/2021
775,Green,5.0,96.0,5,2,14,9/8/2021
776,Green,5.0,32.5,2,2,10,10/8/2021
777,Green,5.0,25.63,3,1,11,10/8/2021
778,Green,5.0,16.5,3,3,12,10/8/2021
779,Green,5.0,61.08,5,1,12,10/8/2021
780,Green,5.0,40.65,1,3,14,10/8/2021
781,Green,5.0,23.7,3,3,15,10/8/2021
782,Green,1.0,24.66,3,3,11,19/12/2021
783,Green,1.0,17.56,3,3,11,19/12/2021
784,Green,2.0,7.3,3,3,16,19/12/2021
785,Green,1.0,17.55,3,3,17,19/12/2021
786,Green,2.0,13.8,3,3,19,19/12/2021
787,Green,1.0,16.31,3,3,19,19/12/2021
788,Green,2.0,11.8,2,2,7,20/12/2021
789,Green,1.0,16.0,3,3,7,20/12/2021
790,Green,1.0,15.34,1,1,7,20/12/2021
791,Green,1.0,28.25,3,3,8,20/12/2021
792,Green,1.0,19.26,3,3,10,20/12/2021
793,Green,2.0,4.8,3,3,13,20/12/2021
794,Green,2.0,5.3,3,3,13,20/12/2021
795,Green,1.0,28.25,3,3,15,20/12/2021
796,Green,2.0,6.8,1,1,17,20/12/2021
797,Green,2.0,15.3,4,4,18,20/12/2021
798,Green,1.0,14.15,3,3,18,20/12/2021
799,Green,1.0,9.12,1,1,19,20/12/2021
800,Green,2.0,6.8,3,3,19,20/12/2021
801,Green,2.0,10.3,1,1,20,20/12/2021
802,Green,1.0,11.3,1,1,8,21/12/2021
803,Green,1.0,7.56,3,3,10,21/12/2021
804,Green,1.0,7.56,3,3,11,21/12/2021
805,Green,2.0,22.8,5,5,11,21/12/2021
806,Green,2.0,9.8,1,1,11,21/12/2021
807,Green,1.0,19.56,5,5,12,21/12/2021
808,Green,2.0,14.3,1,1,13,21/12/2021
809,Green,2.0,11.05,3,3,14,21/12/2021
810,Green,2.0,12.55,3,3,14,21/12/2021
811,Green,1.0,13.56,5,5,15,21/12/2021
812,Green,2.0,9.8,3,3,15,21/12/2021
813,Green,1.0,17.6,1,1,16,21/12/2021
814,Green,2.0,11.3,3,3,16,21/12/2021
815,Green,1.0,10.56,3,3,17,21/12/2021
816,Green,1.0,9.3,3,3,16,21/12/2021
817,Green,2.0,21.55,3,3,19,21/12/2021
818,Green,1.0,36.55,1,3,9,22/12/2021
819,Green,1.0,47.55,5,3,11,22/12/2021
820,Green,1.0,5.8,3,3,12,22/12/2021
821,Green,2.0,10.8,1,1,12,22/12/2021
822,Green,2.0,27.8,5,5,13,22/12/2021
823,Green,2.0,7.3,3,3,13,22/12/2021
824,Green,2.0,17.3,1,1,14,22/12/2021
825,Green,2.0,17.8,1,1,15,22/12/2021
826,Green,1.0,12.05,3,3,16,22/12/2021
827,Green,2.0,8.8,3,3,16,22/12/2021
828,Green,2.0,6.8,1,1,16,22/12/2021
829,Green,4.0,21.8,1,1,16,22/12/2021
830,Green,1.0,14.8,5,5,16,22/12/2021
831,Green,1.0,12.74,3,3,17,22/12/2021
832,Green,1.0,29.3,2,3,17,22/12/2021
833,Green,2.0,10.8,1,1,7,23/12/2021
834,Green,2.0,50.3,6,1,7,23/12/2021
835,Green,1.0,4.3,3,3,8,23/12/2021
836,Green,1.0,10.38,3,3,11,23/12/2021
837,Green,1.0,27.96,3,3,13,23/12/2021
838,Green,2.0,11.3,5,5,16,23/12/2021
839,Green,1.0,14.3,3,3,18,23/12/2021
840,Green,1.0,26.8,3,3,8,24/12/2021
841,Green,2.0,14.05,3,3,9,24/12/2021
842,Green,1.0,11.77,3,3,11,24/12/2021
843,Green,2.0,12.8,1,1,11,24/12/2021
844,Green,1.0,13.56,1,1,12,24/12/2021
845,Green,1.0,11.8,3,3,14,24/12/2021
846,Green,2.0,5.3,3,3,16,24/12/2021
847,Green,4.0,8.8,3,3,18,24/12/2021
848,Green,1.0,12.66,3,3,18,24/12/2021
849,Green,2.0,25.8,1,1,10,26/12/2021
850,Green,1.0,42.3,5,2,13,26/12/2021
851,Green,2.0,15.55,3,3,14,26/12/2021
852,Green,2.0,9.3,3,3,15,26/12/2021
853,Green,1.0,9.49,3,3,15,26/12/2021
854,Green,1.0,11.16,1,1,18,26/12/2021
855,Green,2.0,9.3,3,3,20,26/12/2021
856,Green,5.0,25.54,2,2,8,19/12/2021
857,Green,5.0,24.69,5,5,8,19/12/2021
858,Green,5.0,80.36,2,5,9,20/12/2021
859,Green,5.0,29.85,1,1,11,20/12/2021
860,Green,5.0,20.99,5,5,13,20/12/2021
861,Green,5.0,30.11,1,1,13,20/12/2021
862,Green,5.0,67.59,5,2,14,20/12/2021
863,Green,5.0,78.48,5,3,14,20/12/2021
864,Green,5.0,50.59,3,1,6,21/12/2021
865,Green,5.0,15.87,5,5,10,21/12/2021
866,Green,5.0,23.75,3,3,8,22/12/2021
867,Green,5.0,26.41,3,3,9,22/12/2021
868,Green,5.0,38.02,5,3,11,22/12/2021
869,Green,5.0,22.2,5,5,12,22/12/2021
870,Green,5.0,92.59,3,1,14,22/12/2021
871,Green,5.0,39.5,2,2,9,23/12/2021
872,Green,5.0,51.16,1,5,10,23/12/2021
873,Green,5.0,75.53,3,1,10,23/12/2021
874,Green,5.0,25.5,5,5,12,23/12/2021
875,Green,5.0,31.95,3,2,14,23/12/2021
876,Green,5.0,48.11,1,1,15,23/12/2021
877,Green,5.0,34.36,2,2,9,24/12/2021
878,Green,5.0,42.75,3,2,11,24/12/2021
879,Green,5.0,46.75,1,2,13,24/12/2021
880,Green,5.0,18.5,5,5,19,24/12/2021
881,Green,5.0,51.16,5,1,14,25/12/2021
882,Green,5.0,49.57,5,3,15,25/12/2021
883,Green,5.0,45.02,5,3,7,26/12/2021
884,Green,5.0,21.64,2,2,8,26/12/2021
885,Green,5.0,27.68,2,2,14,26/12/2021
886,Green,1.0,11.8,3,3,8,4/3/2022
887,Green,2.0,3.3,1,1,9,4/3/2022
888,Green,2.0,13.3,1,1,12,4/3/2022
889,Green,1.0,20.3,1,1,15,4/3/2022
890,Green,1.0,26.3,3,2,15,4/3/2022
891,Green,1.0,14.45,3,3,16,4/3/2022
892,Green,1.0,8.8,3,3,16,4/3/2022
893,Green,1.0,12.36,3,3,17,4/3/2022
894,Green,2.0,11.8,1,1,18,4/3/2022
895,Green,1.0,42.72,1,3,18,4/3/2022
896,Green,1.0,14.76,5,5,18,4/3/2022
897,Green,1.0,21.96,5,5,18,4/3/2022
898,Green,1.0,11.8,3,2,19,4/3/2022
899,Green,1.0,10.3,3,3,19,4/3/2022
900,Green,2.0,8.3,3,2,7,5/3/2022
901,Green,1.0,13.26,3,3,10,5/3/2022
902,Green,1.0,13.28,3,3,11,5/3/2022
903,Green,2.0,54.3,1,1,12,5/3/2022
904,Green,1.0,37.55,3,3,12,5/3/2022
905,Green,2.0,14.8,1,1,12,5/3/2022
906,Green,2.0,8.3,3,3,14,5/3/2022
907,Green,1.0,12.55,3,3,16,5/3/2022
908,Green,1.0,4.29,3,3,17,5/3/2022
909,Green,1.0,8.8,5,5,18,5/3/2022
910,Green,2.0,9.8,3,3,19,5/3/2022
911,Green,1.0,25.06,3,3,20,5/3/2022
912,Green,1.0,30.06,1,3,7,6/3/2022
913,Green,1.0,11.9,3,3,8,6/3/2022
914,Green,1.0,46.86,3,5,10,6/3/2022
915,Green,2.0,14.8,5,5,14,6/3/2022
916,Green,1.0,10.56,3,3,14,6/3/2022
917,Green,1.0,10.56,3,3,15,6/3/2022
918,Green,1.0,20.55,3,3,15,6/3/2022
919,Green,1.0,18.96,3,3,16,6/3/2022
920,Green,1.0,18.55,3,3,18,6/3/2022
921,Green,1.0,9.96,3,3,19,6/3/2022
922,Green,2.0,15.3,2,2,19,6/3/2022
923,Green,2.0,5.3,3,3,6,7/3/2022
924,Green,1.0,17.3,1,1,6,7/3/2022
925,Green,1.0,14.23,3,3,8,7/3/2022
926,Green,2.0,5.3,3,3,8,7/3/2022
927,Green,1.0,13.8,1,1,9,7/3/2022
928,Green,1.0,40.56,5,1,10,7/3/2022
929,Green,1.0,8.84,5,5,13,7/3/2022
930,Green,2.0,22.3,5,5,14,7/3/2022
931,Green,2.0,17.05,3,3,14,7/3/2022
932,Green,2.0,19.8,3,3,16,7/3/2022
933,Green,2.0,26.3,1,1,16,7/3/2022
934,Green,1.0,17.16,3,3,17,7/3/2022
935,Green,1.0,15.66,3,3,18,7/3/2022
936,Green,2.0,5.8,1,1,19,7/3/2022
937,Green,2.0,65.3,1,1,19,7/3/2022
938,Green,1.0,23.14,3,3,19,7/3/2022
939,Green,1.0,10.3,3,3,7,8/3/2022
940,Green,1.0,22.85,3,3,8,8/3/2022
941,Green,1.0,20.46,3,3,8,8/3/2022
942,Green,1.0,8.8,3,3,8,8/3/2022
943,Green,1.0,23.46,3,3,9,8/3/2022
944,Green,2.0,10.8,3,3,9,8/3/2022
945,Green,2.0,4.3,3,3,9,8/3/2022
946,Green,2.0,23.55,3,3,10,8/3/2022
947,Green,2.0,14.8,3,3,11,8/3/2022
948,Green,1.0,21.66,3,3,14,8/3/2022
949,Green,1.0,9.3,3,3,14,8/3/2022
950,Green,2.0,3.3,3,3,15,8/3/2022
951,Green,1.0,26.94,3,3,15,8/3/2022
952,Green,2.0,6.8,3,3,16,8/3/2022
953,Green,1.0,20.76,5,5,17,8/3/2022
954,Green,1.0,32.26,1,3,19,8/3/2022
955,Green,2.0,9.8,3,3,9,9/3/2022
956,Green,1.0,60.55,5,3,11,9/3/2022
957,Green,1.0,7.81,1,1,12,9/3/2022
958,Green,1.0,9.96,3,3,14,9/3/2022
959,Green,1.0,14.43,3,3,15,9/3/2022
960,Green,1.0,7.88,3,3,16,9/3/2022
961,Green,2.0,6.8,2,3,16,9/3/2022
962,Green,2.0,24.8,1,1,16,9/3/2022
963,Green,1.0,19.56,5,5,18,9/3/2022
964,Green,1.0,17.76,1,1,20,9/3/2022
965,Green,2.0,9.8,1,1,7,10/3/2022
966,Green,1.0,34.05,5,3,9,10/3/2022
967,Green,1.0,26.55,3,3,9,10/3/2022
968,Green,1.0,12.66,3,3,9,10/3/2022
969,Green,2.0,10.3,3,3,16,10/3/2022
970,Green,1.0,17.05,3,3,18,10/3/2022
971,Green,2.0,9.8,1,1,17,10/3/2022
972,Green,1.0,11.3,3,3,19,10/3/2022
973,Green,1.0,21.66,1,3,19,10/3/2022
974,Green,1.0,11.44,1,1,19,10/3/2022
975,Green,5.0,23.09,1,1,14,4/3/2022
976,Green,5.0,18.43,5,5,11,5/3/2022
977,Green,5.0,21.3,5,1,17,5/3/2022
978,Green,5.0,19.25,3,3,19,5/3/2022
979,Green,5.0,12.1,1,1,12,6/3/2022
980,Green,5.0,16.87,5,5,15,9/3/2022
981,Green,5.0,24.23,5,5,12,10/3/2022
982,Green,5.0,18.12,3,2,19,10/3/2022
983,Green,1.0,15.34,3,3,9,4/8/2022
984,Green,1.0,20.15,5,5,9,4/8/2022
985,Green,3.0,6.3,3,3,13,4/8/2022
986,Green,1.0,12.88,3,3,16,4/8/2022
987,Green,1.0,21.19,1,1,16,4/8/2022
988,Green,2.0,22.8,3,2,15,4/8/2022
989,Green,2.0,12.3,1,1,18,4/8/2022
990,Green,2.0,9.3,3,3,18,4/8/2022
991,Green,1.0,19.24,1,1,18,4/8/2022
992,Green,1.0,16.94,3,3,18,4/8/2022
993,Green,2.0,7.3,3,3,19,4/8/2022
994,Green,1.0,16.86,3,3,19,4/8/2022
995,Green,1.0,11.4,5,5,19,4/8/2022
996,Green,1.0,32.0,3,1,20,4/8/2022
997,Green,1.0,71.22,3,1,6,5/8/2022
998,Green,2.0,11.3,5,5,8,5/8/2022
999,Green,1.0,27.66,3,3,7,5/8/2022
1000,Green,1.0,22.05,3,3,9,5/8/2022
1001,Green,2.0,4.3,1,1,11,5/8/2022
1002,Green,2.0,9.3,3,3,11,5/8/2022
1003,Green,1.0,18.0,2,2,12,5/8/2022
1004,Green,1.0,19.03,3,3,13,5/8/2022
1005,Green,1.0,8.16,1,1,13,5/8/2022
1006,Green,1.0,18.96,5,5,15,5/8/2022
1007,Green,2.0,15.8,1,1,15,5/8/2022
1008,Green,2.0,5.3,1,1,17,5/8/2022
1009,Green,2.0,8.8,5,5,18,5/8/2022
1010,Green,2.0,42.8,1,1,19,5/8/2022
1011,Green,2.0,15.55,3,3,19,5/8/2022
1012,Green,1.0,8.8,1,1,19,5/8/2022
1013,Green,1.0,9.95,3,3,7,6/8/2022
1014,Green,2.0,23.8,3,3,9,6/8/2022
1015,Green,2.0,26.55,3,3,9,6/8/2022
1016,Green,2.0,21.3,1,1,11,6/8/2022
1017,Green,1.0,6.3,5,5,16,6/8/2022
1018,Green,1.0,17.56,3,3,15,6/8/2022
1019,Green,1.0,36.0,2,2,17,6/8/2022
1020,Green,1.0,24.36,3,3,17,6/8/2022
1021,Green,1.0,6.0,3,3,18,6/8/2022
1022,Green,2.0,10.8,1,1,20,6/8/2022
1023,Green,2.0,7.3,3,3,8,7/8/2022
1024,Green,2.0,7.3,3,3,9,7/8/2022
1025,Green,2.0,9.8,3,3,10,7/8/2022
1026,Green,1.0,70.3,5,1,10,7/8/2022
1027,Green,1.0,19.0,2,3,10,7/8/2022
1028,Green,2.0,37.85,1,3,12,7/8/2022
1029,Green,1.0,25.55,3,3,12,7/8/2022
1030,Green,1.0,14.15,3,3,13,7/8/2022
1031,Green,1.0,25.0,5,5,14,7/8/2022
1032,Green,2.0,11.55,3,3,15,7/8/2022
1033,Green,1.0,67.35,3,1,15,7/8/2022
1034,Green,1.0,16.0,5,5,20,7/8/2022
1035,Green,1.0,46.3,1,5,20,7/8/2022
1036,Green,1.0,7.56,3,3,8,8/8/2022
1037,Green,1.0,11.3,3,3,8,8/8/2022
1038,Green,2.0,14.3,3,3,10,8/8/2022
1039,Green,2.0,11.8,3,3,11,8/8/2022
1040,Green,1.0,15.66,3,3,11,8/8/2022
1041,Green,1.0,11.0,3,3,12,8/8/2022
1042,Green,1.0,6.95,3,3,12,8/8/2022
1043,Green,2.0,6.8,3,3,12,8/8/2022
1044,Green,2.0,27.3,1,5,13,8/8/2022
1045,Green,1.0,10.3,1,1,15,8/8/2022
1046,Green,1.0,9.96,1,1,16,8/8/2022
1047,Green,1.0,16.86,3,3,16,8/8/2022
1048,Green,1.0,26.46,3,3,16,8/8/2022
1049,Green,1.0,26.46,3,3,17,8/8/2022
1050,Green,1.0,30.06,3,3,17,8/8/2022
1051,Green,2.0,20.55,3,3,17,8/8/2022
1052,Green,1.0,30.35,1,1,18,8/8/2022
1053,Green,1.0,9.75,3,3,17,8/8/2022
1054,Green,1.0,11.05,3,3,20,8/8/2022
1055,Green,1.0,17.46,3,3,9,9/8/2022
1056,Green,1.0,40.06,5,3,9,9/8/2022
1057,Green,1.0,16.85,3,3,10,9/8/2022
1058,Green,2.0,7.3,1,1,10,9/8/2022
1059,Green,1.0,8.5,3,3,12,9/8/2022
1060,Green,1.0,33.35,3,1,13,9/8/2022
1061,Green,2.0,5.3,3,3,16,9/8/2022
1062,Green,2.0,8.3,3,3,7,10/8/2022
1063,Green,1.0,24.66,3,3,8,10/8/2022
1064,Green,1.0,38.22,3,1,9,10/8/2022
1065,Green,1.0,16.0,2,2,10,10/8/2022
1066,Green,2.0,11.8,1,1,13,10/8/2022
1067,Green,1.0,45.06,3,3,13,10/8/2022
1068,Green,1.0,17.88,1,6,13,10/8/2022
1069,Green,1.0,47.55,2,3,15,10/8/2022
1070,Green,1.0,20.46,3,3,15,10/8/2022
1071,Green,2.0,7.8,5,5,15,10/8/2022
1072,Green,2.0,14.8,3,3,16,10/8/2022
1073,Green,1.0,13.8,1,1,18,10/8/2022
1074,Green,2.0,10.3,1,1,20,10/8/2022
1075,Green,5.0,31.62,3,3,7,4/8/2022
1076,Green,5.0,81.42,3,1,7,5/8/2022
1077,Green,5.0,21.8,5,3,10,5/8/2022
1078,Green,5.0,12.57,5,5,15,5/8/2022
1079,Green,5.0,56.51,3,1,12,6/8/2022
1080,Green,5.0,35.34,5,3,9,10/8/2022
1081,Green,1.0,21.06,3,3,8,19/12/2022
1082,Green,2.0,15.65,3,3,9,19/12/2022
1083,Green,1.0,24.86,3,3,12,19/12/2022
1084,Green,2.0,14.8,3,2,15,19/12/2022
1085,Green,1.0,49.95,3,3,15,19/12/2022
1086,Green,1.0,8.76,3,3,16,19/12/2022
1087,Green,1.0,31.5,3,3,16,19/12/2022
1088,Green,1.0,23.29,3,3,17,19/12/2022
1089,Green,2.0,15.4,3,3,18,19/12/2022
1090,Green,2.0,31.0,1,1,18,19/12/2022
1091,Green,1.0,17.4,1,1,18,19/12/2022
1092,Green,1.0,27.72,1,1,18,19/12/2022
1093,Green,1.0,20.1,3,3,19,19/12/2022
1094,Green,2.0,9.0,3,3,20,19/12/2022
1095,Green,1.0,17.19,3,3,8,20/12/2022
1096,Green,1.0,22.0,1,1,9,20/12/2022
1097,Green,1.0,13.8,3,3,9,20/12/2022
1098,Green,1.0,21.3,3,3,11,20/12/2022
1099,Green,2.0,11.5,1,1,13,20/12/2022
1100,Green,1.0,14.95,3,3,14,20/12/2022
1101,Green,1.0,0.0,1,1,14,20/12/2022
1102,Green,1.0,16.3,3,3,15,20/12/2022
1103,Green,2.0,14.7,1,1,16,20/12/2022
1104,Green,1.0,16.4,5,5,16,20/12/2022
1105,Green,2.0,29.35,3,3,16,20/12/2022
1106,Green,2.0,25.9,1,1,17,20/12/2022
1107,Green,2.0,21.7,1,1,19,20/12/2022
1108,Green,1.0,20.52,3,3,20,20/12/2022
1109,Green,1.0,14.31,5,5,20,20/12/2022
1110,Green,1.0,23.5,3,2,20,20/12/2022
1111,Green,2.0,4.5,5,5,7,21/12/2022
1112,Green,2.0,10.8,3,3,9,21/12/2022
1113,Green,1.0,22.15,3,3,10,21/12/2022
1114,Green,2.0,17.75,3,3,10,21/12/2022
1115,Green,2.0,10.1,3,3,10,21/12/2022
1116,Green,2.0,12.9,3,3,11,21/12/2022
1117,Green,2.0,8.7,1,1,12,21/12/2022
1118,Green,1.0,7.92,1,1,12,21/12/2022
1119,Green,2.0,10.1,1,1,13,21/12/2022
1120,Green,1.0,8.16,3,3,13,21/12/2022
1121,Green,1.0,33.05,3,3,15,21/12/2022
1122,Green,2.0,34.25,3,3,16,21/12/2022
1123,Green,1.0,13.3,1,1,18,21/12/2022
1124,Green,2.0,20.3,1,1,19,21/12/2022
1125,Green,1.0,42.78,3,3,19,21/12/2022
1126,Green,1.0,48.54,3,3,20,21/12/2022
1127,Green,2.0,11.1,1,1,20,21/12/2022
1128,Green,1.0,18.36,3,3,20,21/12/2022
1129,Green,2.0,17.05,3,3,8,22/12/2022
1130,Green,2.0,84.3,5,5,10,22/12/2022
1131,Green,1.0,12.62,3,3,10,22/12/2022
1132,Green,1.0,39.71,3,3,10,22/12/2022
1133,Green,1.0,45.66,1,3,10,22/12/2022
1134,Green,2.0,8.7,3,3,10,22/12/2022
1135,Green,2.0,9.4,1,1,10,22/12/2022
1136,Green,2.0,125.15,3,5,12,22/12/2022
1137,Green,2.0,10.1,3,3,12,22/12/2022
1138,Green,2.0,14.3,1,1,15,22/12/2022
1139,Green,2.0,10.1,1,1,15,22/12/2022
1140,Green,1.0,15.35,3,3,16,22/12/2022
1141,Green,2.0,24.0,3,2,16,22/12/2022
1142,Green,1.0,17.5,3,3,17,22/12/2022
1143,Green,2.0,13.3,3,3,17,22/12/2022
1144,Green,2.0,39.2,5,5,19,22/12/2022
1145,Green,1.0,10.79,3,3,10,23/12/2022
1146,Green,1.0,15.0,2,2,12,23/12/2022
1147,Green,2.0,47.9,1,5,15,23/12/2022
1148,Green,2.0,13.3,3,3,16,23/12/2022
1149,Green,1.0,23.81,3,3,16,23/12/2022
1150,Green,1.0,34.38,5,3,17,23/12/2022
1151,Green,2.0,16.8,1,1,17,23/12/2022
1152,Green,2.0,20.3,5,5,18,23/12/2022
1153,Green,2.0,11.9,1,1,19,23/12/2022
1154,Green,2.0,16.4,3,3,8,24/12/2022
1155,Green,1.0,29.7,5,3,10,24/12/2022
1156,Green,1.0,19.62,3,3,11,24/12/2022
1157,Green,2.0,8.8,3,3,20,24/12/2022
1158,Green,1.0,17.1,3,3,12,25/12/2022
1159,Green,2.0,6.5,3,3,15,25/12/2022
1160,Green,1.0,15.5,3,3,16,25/12/2022
1161,Green,1.0,19.4,3,3,16,25/12/2022
1162,Green,3.0,0.0,3,3,19,25/12/2022
1163,Green,1.0,10.81,3,3,8,26/12/2022
1164,Green,1.0,37.06,3,3,10,26/12/2022
1165,Green,1.0,28.31,5,3,10,26/12/2022
1166,Green,2.0,26.9,1,1,17,26/12/2022
1167,Green,1.0,30.54,3,3,18,26/12/2022
1168,Green,2.0,12.9,2,2,19,26/12/2022
1169,Green,1.0,30.12,5,5,20,26/12/2022
1170,Green,2.0,23.0,1,1,20,26/12/2022
1171,Green,1.0,27.54,3,3,20,26/12/2022
1172,Green,1.0,10.8,3,3,20,26/12/2022
1173,Green,5.0,40.49,5,1,6,20/12/2022
1174,Green,5.0,48.19,3,1,7,20/12/2022
1175,Green,5.0,82.58,1,5,8,21/12/2022
1176,Green,5.0,16.8,5,5,13,24/12/2022
1177,Green,5.0,37.29,5,3,19,24/12/2022
1178,Green,5.0,19.14,1,3,17,25/12/2022
1179,Green,5.0,23.4,3,3,11,26/12/2022
1180,Yellow,1.0,32.76,3,3,11,4/3/2019
1181,Yellow,2.0,7.8,3,3,12,4/3/2019
1182,Yellow,1.0,12.35,3,3,13,4/3/2019
1183,Yellow,2.0,10.8,3,3,13,4/3/2019
1184,Yellow,1.0,17.16,3,3,8,4/3/2019
1185,Yellow,1.0,15.8,3,3,16,4/3/2019
1186,Yellow,1.0,11.75,3,3,17,4/3/2019
1187,Yellow,1.0,17.5,3,3,17,4/3/2019
1188,Yellow,2.0,4.3,6,6,17,4/3/2019
1189,Yellow,1.0,12.96,3,3,17,4/3/2019
1190,Yellow,2.0,9.3,3,3,18,4/3/2019
1191,Yellow,2.0,14.3,3,3,19,4/3/2019
1192,Yellow,1.0,21.36,3,3,20,4/3/2019
1193,Yellow,1.0,21.0,3,3,10,5/3/2019
1194,Yellow,1.0,56.3,3,5,12,5/3/2019
1195,Yellow,1.0,47.06,3,5,12,5/3/2019
1196,Yellow,1.0,14.3,3,3,14,5/3/2019
1197,Yellow,2.0,12.8,3,3,18,5/3/2019
1198,Yellow,1.0,10.3,3,3,20,5/3/2019
1199,Yellow,1.0,11.63,3,3,20,5/3/2019
1200,Yellow,1.0,51.3,3,1,20,5/3/2019
1201,Yellow,2.0,16.3,3,3,9,6/3/2019
1202,Yellow,1.0,10.12,3,3,10,6/3/2019
1203,Yellow,2.0,50.56,1,3,10,6/3/2019
1204,Yellow,1.0,20.76,3,3,10,6/3/2019
1205,Yellow,1.0,14.76,3,3,10,6/3/2019
1206,Yellow,1.0,13.55,3,3,10,6/3/2019
1207,Yellow,1.0,13.56,3,3,11,6/3/2019
1208,Yellow,1.0,10.56,3,3,11,6/3/2019
1209,Yellow,2.0,11.8,3,3,12,6/3/2019
1210,Yellow,2.0,13.3,3,3,12,6/3/2019
1211,Yellow,1.0,9.96,3,3,12,6/3/2019
1212,Yellow,1.0,11.3,3,3,12,6/3/2019
1213,Yellow,1.0,17.75,3,3,13,6/3/2019
1214,Yellow,1.0,10.8,3,3,13,6/3/2019
1215,Yellow,1.0,8.16,5,5,13,6/3/2019
1216,Yellow,1.0,13.56,3,3,14,6/3/2019
1217,Yellow,1.0,7.3,3,3,15,6/3/2019
1218,Yellow,1.0,9.35,3,3,15,6/3/2019
1219,Yellow,1.0,17.16,3,3,15,6/3/2019
1220,Yellow,1.0,33.35,3,3,16,6/3/2019
1221,Yellow,1.0,16.55,3,3,18,6/3/2019
1222,Yellow,1.0,14.75,3,3,19,6/3/2019
1223,Yellow,1.0,14.16,3,3,20,6/3/2019
1224,Yellow,1.0,11.88,3,3,6,7/3/2019
1225,Yellow,3.0,6.3,3,3,6,7/3/2019
1226,Yellow,1.0,15.35,3,3,8,7/3/2019
1227,Yellow,1.0,16.8,3,3,9,7/3/2019
1228,Yellow,1.0,16.3,3,3,10,7/3/2019
1229,Yellow,1.0,8.76,3,3,11,7/3/2019
1230,Yellow,1.0,16.8,3,3,13,7/3/2019
1231,Yellow,1.0,61.06,3,1,13,7/3/2019
1232,Yellow,1.0,21.96,3,3,13,7/3/2019
1233,Yellow,1.0,8.76,3,3,14,7/3/2019
1234,Yellow,2.0,16.3,3,3,14,7/3/2019
1235,Yellow,1.0,19.8,3,3,14,7/3/2019
1236,Yellow,1.0,18.8,3,3,15,7/3/2019
1237,Yellow,1.0,12.95,3,3,16,7/3/2019
1238,Yellow,1.0,22.56,3,3,16,7/3/2019
1239,Yellow,1.0,9.96,3,3,17,7/3/2019
1240,Yellow,1.0,71.76,3,1,17,7/3/2019
1241,Yellow,1.0,12.35,3,3,18,7/3/2019
1242,Yellow,1.0,15.3,3,3,19,7/3/2019
1243,Yellow,2.0,25.8,3,3,19,7/3/2019
1244,Yellow,2.0,24.3,3,3,19,7/3/2019
1245,Yellow,1.0,25.56,3,3,19,7/3/2019
1246,Yellow,1.0,11.15,3,3,20,7/3/2019
1247,Yellow,1.0,17.75,3,3,7,8/3/2019
1248,Yellow,2.0,11.3,3,3,9,8/3/2019
1249,Yellow,1.0,9.75,3,3,10,8/3/2019
1250,Yellow,1.0,14.3,3,3,10,8/3/2019
1251,Yellow,1.0,14.8,3,3,11,8/3/2019
1252,Yellow,2.0,11.3,3,3,11,8/3/2019
1253,Yellow,2.0,15.3,3,3,11,8/3/2019
1254,Yellow,1.0,59.76,5,1,11,8/3/2019
1255,Yellow,1.0,24.75,3,3,13,8/3/2019
1256,Yellow,1.0,20.16,3,1,14,8/3/2019
1257,Yellow,1.0,20.75,3,3,15,8/3/2019
1258,Yellow,2.0,11.8,3,3,15,8/3/2019
1259,Yellow,2.0,22.8,3,3,17,8/3/2019
1260,Yellow,1.0,26.16,3,3,17,8/3/2019
1261,Yellow,2.0,8.8,3,3,18,8/3/2019
1262,Yellow,1.0,19.12,3,3,19,8/3/2019
1263,Yellow,1.0,13.3,3,3,20,8/3/2019
1264,Yellow,1.0,11.4,3,3,10,9/3/2019
1265,Yellow,1.0,8.76,3,3,11,9/3/2019
1266,Yellow,2.0,10.3,3,3,12,9/3/2019
1267,Yellow,2.0,10.3,3,3,12,9/3/2019
1268,Yellow,2.0,26.3,3,5,12,9/3/2019
1269,Yellow,1.0,10.8,3,3,12,9/3/2019
1270,Yellow,1.0,16.55,3,3,15,9/3/2019
1271,Yellow,1.0,14.76,3,3,16,9/3/2019
1272,Yellow,1.0,8.75,3,3,16,9/3/2019
1273,Yellow,1.0,21.8,3,3,17,9/3/2019
1274,Yellow,1.0,15.0,1,1,17,9/3/2019
1275,Yellow,2.0,11.3,3,3,17,9/3/2019
1276,Yellow,1.0,18.36,3,3,19,9/3/2019
1277,Yellow,1.0,11.15,3,3,19,9/3/2019
1278,Yellow,1.0,10.12,3,3,18,9/3/2019
1279,Yellow,2.0,9.3,6,3,19,9/3/2019
1280,Yellow,2.0,7.3,3,3,20,9/3/2019
1281,Yellow,1.0,11.15,3,3,10,10/3/2019
1282,Yellow,1.0,45.67,3,1,10,10/3/2019
1283,Yellow,1.0,9.8,3,3,13,10/3/2019
1284,Yellow,1.0,17.16,3,3,13,10/3/2019
1285,Yellow,1.0,19.56,3,3,15,10/3/2019
1286,Yellow,1.0,6.85,5,5,17,10/3/2019
1287,Yellow,1.0,13.53,3,3,17,10/3/2019
1288,Yellow,1.0,12.96,3,3,17,10/3/2019
1289,Yellow,3.0,6.8,3,3,14,4/8/2019
1290,Yellow,1.0,15.3,3,3,14,4/8/2019
1291,Yellow,2.0,10.3,3,3,15,4/8/2019
1292,Yellow,1.0,21.95,3,3,15,4/8/2019
1293,Yellow,1.0,15.36,3,3,15,4/8/2019
1294,Yellow,1.0,15.36,3,3,16,4/8/2019
1295,Yellow,1.0,20.75,3,3,16,4/8/2019
1296,Yellow,1.0,17.88,3,3,16,4/8/2019
1297,Yellow,1.0,12.1,3,3,19,4/8/2019
1298,Yellow,1.0,71.42,1,3,20,4/8/2019
1299,Yellow,1.0,73.7,1,3,20,4/8/2019
1300,Yellow,2.0,10.3,3,3,7,5/8/2019
1301,Yellow,1.0,71.42,1,3,7,5/8/2019
1302,Yellow,2.0,20.8,1,1,7,5/8/2019
1303,Yellow,2.0,61.42,1,3,8,5/8/2019
1304,Yellow,2.0,10.3,3,3,9,5/8/2019
1305,Yellow,1.0,18.35,3,3,9,5/8/2019
1306,Yellow,1.0,11.8,3,3,9,5/8/2019
1307,Yellow,2.0,12.3,3,3,11,5/8/2019
1308,Yellow,1.0,73.67,1,3,15,5/8/2019
1309,Yellow,1.0,26.16,5,3,17,5/8/2019
1310,Yellow,1.0,9.36,3,3,18,5/8/2019
1311,Yellow,1.0,51.5,3,1,19,5/8/2019
1312,Yellow,1.0,15.38,3,3,19,5/8/2019
1313,Yellow,1.0,12.35,3,3,7,6/8/2019
1314,Yellow,1.0,20.15,3,3,13,6/8/2019
1315,Yellow,2.0,10.3,3,3,16,6/8/2019
1316,Yellow,1.0,17.76,3,3,15,6/8/2019
1317,Yellow,1.0,18.8,3,3,16,6/8/2019
1318,Yellow,1.0,10.3,3,3,16,6/8/2019
1319,Yellow,1.0,15.36,3,3,19,6/8/2019
1320,Yellow,1.0,9.3,3,3,20,6/8/2019
1321,Yellow,1.0,30.3,3,3,20,6/8/2019
1322,Yellow,1.0,6.3,5,5,20,6/8/2019
1323,Yellow,1.0,9.3,3,3,6,7/8/2019
1324,Yellow,1.0,15.96,3,3,6,7/8/2019
1325,Yellow,2.0,22.8,3,3,8,7/8/2019
1326,Yellow,1.0,15.96,3,3,8,7/8/2019
1327,Yellow,1.0,26.75,3,3,8,7/8/2019
1328,Yellow,1.0,13.0,3,3,9,7/8/2019
1329,Yellow,1.0,12.96,3,3,9,7/8/2019
1330,Yellow,2.0,10.8,3,3,9,7/8/2019
1331,Yellow,1.0,25.56,3,3,10,7/8/2019
1332,Yellow,2.0,12.8,3,3,10,7/8/2019
1333,Yellow,2.0,55.3,3,1,10,7/8/2019
1334,Yellow,1.0,14.3,3,3,11,7/8/2019
1335,Yellow,1.0,24.96,3,3,12,7/8/2019
1336,Yellow,1.0,11.16,3,3,12,7/8/2019
1337,Yellow,2.0,30.8,1,1,13,7/8/2019
1338,Yellow,1.0,53.65,3,1,13,7/8/2019
1339,Yellow,1.0,14.16,3,3,14,7/8/2019
1340,Yellow,1.0,16.0,3,3,15,7/8/2019
1341,Yellow,1.0,22.8,3,3,18,7/8/2019
1342,Yellow,1.0,27.94,3,3,18,7/8/2019
1343,Yellow,1.0,10.8,3,3,20,7/8/2019
1344,Yellow,1.0,18.96,3,3,6,8/8/2019
1345,Yellow,1.0,15.95,3,3,7,8/8/2019
1346,Yellow,1.0,17.76,3,3,8,8/8/2019
1347,Yellow,1.0,26.8,3,3,10,8/8/2019
1348,Yellow,1.0,16.3,3,3,11,8/8/2019
1349,Yellow,1.0,30.36,3,3,12,8/8/2019
1350,Yellow,1.0,19.55,3,3,12,8/8/2019
1351,Yellow,1.0,11.75,6,3,13,8/8/2019
1352,Yellow,1.0,13.5,3,3,14,8/8/2019
1353,Yellow,1.0,35.15,3,3,14,8/8/2019
1354,Yellow,1.0,50.87,3,1,15,8/8/2019
1355,Yellow,2.0,8.8,3,3,15,8/8/2019
1356,Yellow,1.0,21.36,3,3,15,8/8/2019
1357,Yellow,2.0,12.3,3,3,15,8/8/2019
1358,Yellow,1.0,69.8,1,3,16,8/8/2019
1359,Yellow,1.0,20.68,3,3,17,8/8/2019
1360,Yellow,2.0,65.92,3,1,17,8/8/2019
1361,Yellow,1.0,19.55,3,3,18,8/8/2019
1362,Yellow,2.0,22.3,3,3,18,8/8/2019
1363,Yellow,1.0,11.3,3,3,19,8/8/2019
1364,Yellow,1.0,11.16,3,3,20,8/8/2019
1365,Yellow,2.0,12.8,3,3,20,8/8/2019
1366,Yellow,1.0,17.75,3,3,8,9/8/2019
1367,Yellow,1.0,7.3,3,3,7,9/8/2019
1368,Yellow,1.0,17.6,3,3,8,9/8/2019
1369,Yellow,1.0,35.76,3,3,9,9/8/2019
1370,Yellow,1.0,12.0,3,3,11,9/8/2019
1371,Yellow,1.0,11.76,3,3,13,9/8/2019
1372,Yellow,2.0,15.8,3,3,13,9/8/2019
1373,Yellow,1.0,15.36,3,3,15,9/8/2019
1374,Yellow,1.0,22.85,3,3,16,9/8/2019
1375,Yellow,2.0,17.8,3,3,16,9/8/2019
1376,Yellow,1.0,8.76,5,5,17,9/8/2019
1377,Yellow,2.0,11.3,3,3,17,9/8/2019
1378,Yellow,4.0,14.3,3,3,17,9/8/2019
1379,Yellow,1.0,61.42,3,1,17,9/8/2019
1380,Yellow,1.0,16.3,3,3,19,9/8/2019
1381,Yellow,2.0,7.8,3,3,20,9/8/2019
1382,Yellow,1.0,6.36,3,3,6,10/8/2019
1383,Yellow,1.0,41.87,3,1,10,10/8/2019
1384,Yellow,1.0,23.8,3,3,11,10/8/2019
1385,Yellow,2.0,24.8,3,2,13,10/8/2019
1386,Yellow,2.0,17.3,3,3,7,10/8/2019
1387,Yellow,1.0,17.3,3,3,15,10/8/2019
1388,Yellow,1.0,15.83,3,3,17,10/8/2019
1389,Yellow,2.0,14.3,3,3,17,10/8/2019
1390,Yellow,1.0,12.8,3,3,19,10/8/2019
1391,Yellow,1.0,22.56,3,3,19,10/8/2019
1392,Yellow,2.0,12.3,3,3,10,19/12/2019
1393,Yellow,1.0,23.75,3,3,10,19/12/2019
1394,Yellow,1.0,15.99,3,3,10,19/12/2019
1395,Yellow,1.0,9.96,3,3,11,19/12/2019
1396,Yellow,1.0,8.8,3,3,11,19/12/2019
1397,Yellow,1.0,9.36,3,3,11,19/12/2019
1398,Yellow,1.0,18.48,3,3,12,19/12/2019
1399,Yellow,1.0,36.8,3,3,14,19/12/2019
1400,Yellow,2.0,25.8,3,3,14,19/12/2019
1401,Yellow,2.0,23.8,3,3,14,19/12/2019
1402,Yellow,1.0,36.96,3,3,15,19/12/2019
1403,Yellow,1.0,15.18,3,3,15,19/12/2019
1404,Yellow,1.0,18.3,3,3,15,19/12/2019
1405,Yellow,2.0,15.8,3,3,16,19/12/2019
1406,Yellow,1.0,23.76,3,3,16,19/12/2019
1407,Yellow,1.0,15.36,3,3,16,19/12/2019
1408,Yellow,1.0,12.98,3,3,18,19/12/2019
1409,Yellow,2.0,9.3,3,3,7,20/12/2019
1410,Yellow,1.0,12.98,3,3,9,20/12/2019
1411,Yellow,1.0,14.76,3,3,9,20/12/2019
1412,Yellow,2.0,14.8,3,3,11,20/12/2019
1413,Yellow,1.0,9.3,3,3,16,20/12/2019
1414,Yellow,2.0,12.3,3,3,17,20/12/2019
1415,Yellow,1.0,73.3,3,6,18,20/12/2019
1416,Yellow,1.0,22.77,3,3,18,20/12/2019
1417,Yellow,1.0,18.36,3,3,18,20/12/2019
1418,Yellow,1.0,9.8,3,3,7,21/12/2019
1419,Yellow,1.0,11.15,3,3,10,21/12/2019
1420,Yellow,1.0,42.5,3,1,10,21/12/2019
1421,Yellow,2.0,8.8,3,3,10,21/12/2019
1422,Yellow,2.0,19.8,3,3,10,21/12/2019
1423,Yellow,2.0,23.3,3,3,10,21/12/2019
1424,Yellow,1.0,10.38,3,3,12,21/12/2019
1425,Yellow,2.0,9.8,3,3,12,21/12/2019
1426,Yellow,2.0,16.3,3,3,12,21/12/2019
1427,Yellow,1.0,15.3,3,3,12,21/12/2019
1428,Yellow,1.0,20.76,3,3,13,21/12/2019
1429,Yellow,1.0,9.1,3,3,13,21/12/2019
1430,Yellow,1.0,14.16,3,3,13,21/12/2019
1431,Yellow,1.0,25.3,3,3,13,21/12/2019
1432,Yellow,1.0,13.56,3,3,12,21/12/2019
1433,Yellow,1.0,9.96,3,3,14,21/12/2019
1434,Yellow,2.0,11.3,3,3,15,21/12/2019
1435,Yellow,1.0,10.56,3,3,15,21/12/2019
1436,Yellow,1.0,22.3,3,3,16,21/12/2019
1437,Yellow,1.0,11.8,3,3,16,21/12/2019
1438,Yellow,1.0,11.8,3,3,17,21/12/2019
1439,Yellow,2.0,8.8,3,3,20,21/12/2019
1440,Yellow,2.0,9.8,3,3,6,22/12/2019
1441,Yellow,1.0,9.1,3,3,9,22/12/2019
1442,Yellow,2.0,9.3,3,3,12,22/12/2019
1443,Yellow,1.0,37.56,5,3,12,22/12/2019
1444,Yellow,1.0,11.27,3,3,12,22/12/2019
1445,Yellow,1.0,13.5,3,3,14,22/12/2019
1446,Yellow,1.0,12.96,3,3,15,22/12/2019
1447,Yellow,2.0,12.8,3,3,17,22/12/2019
1448,Yellow,1.0,38.92,3,1,18,22/12/2019
1449,Yellow,1.0,14.8,3,3,19,22/12/2019
1450,Yellow,2.0,61.42,3,1,6,23/12/2019
1451,Yellow,1.0,9.95,3,3,6,23/12/2019
1452,Yellow,1.0,20.3,3,3,7,23/12/2019
1453,Yellow,1.0,18.3,3,3,8,23/12/2019
1454,Yellow,1.0,12.25,3,3,8,23/12/2019
1455,Yellow,2.0,15.8,3,3,8,23/12/2019
1456,Yellow,1.0,12.36,3,3,9,23/12/2019
1457,Yellow,1.0,9.75,3,3,10,23/12/2019
1458,Yellow,2.0,9.3,3,3,10,23/12/2019
1459,Yellow,2.0,8.8,3,3,12,23/12/2019
1460,Yellow,1.0,48.02,1,3,12,23/12/2019
1461,Yellow,1.0,21.0,3,3,13,23/12/2019
1462,Yellow,2.0,13.3,3,3,14,23/12/2019
1463,Yellow,1.0,17.16,3,3,15,23/12/2019
1464,Yellow,1.0,17.0,3,3,16,23/12/2019
1465,Yellow,2.0,9.8,1,1,16,23/12/2019
1466,Yellow,1.0,11.75,3,3,16,23/12/2019
1467,Yellow,2.0,24.3,3,3,17,23/12/2019
1468,Yellow,1.0,14.16,3,3,19,23/12/2019
1469,Yellow,2.0,12.8,3,3,6,24/12/2019
1470,Yellow,1.0,12.74,3,3,8,24/12/2019
1471,Yellow,1.0,12.35,3,3,11,24/12/2019
1472,Yellow,1.0,10.8,3,3,12,24/12/2019
1473,Yellow,1.0,10.35,3,3,12,24/12/2019
1474,Yellow,1.0,11.0,3,3,13,24/12/2019
1475,Yellow,1.0,14.15,3,3,13,24/12/2019
1476,Yellow,2.0,8.3,3,3,13,24/12/2019
1477,Yellow,1.0,22.56,3,3,13,24/12/2019
1478,Yellow,1.0,29.75,3,3,15,24/12/2019
1479,Yellow,1.0,20.75,3,3,16,24/12/2019
1480,Yellow,2.0,5.3,3,3,17,24/12/2019
1481,Yellow,1.0,16.0,3,3,18,24/12/2019
1482,Yellow,1.0,14.4,3,3,19,24/12/2019
1483,Yellow,1.0,7.88,3,3,9,25/12/2019
1484,Yellow,2.0,8.8,3,3,11,25/12/2019
1485,Yellow,1.0,11.8,3,3,14,25/12/2019
1486,Yellow,1.0,11.3,3,3,17,25/12/2019
1487,Yellow,1.0,13.8,3,3,20,25/12/2019
1488,Yellow,1.0,66.42,1,3,6,26/12/2019
1489,Yellow,1.0,19.75,3,3,11,26/12/2019
1490,Yellow,1.0,11.8,3,3,13,26/12/2019
1491,Yellow,2.0,13.3,3,3,14,26/12/2019
1492,Yellow,1.0,47.3,1,3,14,26/12/2019
1493,Yellow,1.0,10.12,3,3,14,26/12/2019
1494,Yellow,2.0,8.3,3,3,15,26/12/2019
1495,Yellow,1.0,14.75,3,3,16,26/12/2019
1496,Yellow,2.0,17.8,3,3,17,26/12/2019
1497,Yellow,1.0,15.36,3,3,18,26/12/2019
1498,Yellow,0.0,33.68,5,5,7,20/12/2019
1499,Yellow,0.0,44.89,5,3,11,20/12/2019
1500,Yellow,0.0,61.08,2,1,9,23/12/2019
1501,Yellow,2.0,23.8,3,3,10,4/3/2020
1502,Yellow,1.0,16.0,3,3,11,4/3/2020
1503,Yellow,2.0,8.8,3,3,10,4/3/2020
1504,Yellow,1.0,17.3,3,3,11,4/3/2020
1505,Yellow,1.0,11.15,3,3,12,4/3/2020
1506,Yellow,1.0,9.96,3,3,12,4/3/2020
1507,Yellow,1.0,22.56,3,3,12,4/3/2020
1508,Yellow,1.0,25.55,3,3,13,4/3/2020
1509,Yellow,1.0,39.36,1,3,15,4/3/2020
1510,Yellow,1.0,19.3,3,3,16,4/3/2020
1511,Yellow,1.0,17.16,3,3,16,4/3/2020
1512,Yellow,1.0,11.85,3,3,17,4/3/2020
1513,Yellow,1.0,13.56,3,3,17,4/3/2020
1514,Yellow,1.0,37.18,3,3,17,4/3/2020
1515,Yellow,1.0,9.96,3,3,18,4/3/2020
1516,Yellow,1.0,30.36,3,3,19,4/3/2020
1517,Yellow,1.0,18.36,3,3,18,4/3/2020
1518,Yellow,1.0,26.16,3,3,18,4/3/2020
1519,Yellow,1.0,13.3,3,3,19,4/3/2020
1520,Yellow,1.0,8.97,3,3,8,5/3/2020
1521,Yellow,1.0,14.1,3,3,10,5/3/2020
1522,Yellow,1.0,7.3,3,3,10,5/3/2020
1523,Yellow,1.0,46.8,3,2,11,5/3/2020
1524,Yellow,1.0,17.25,3,3,12,5/3/2020
1525,Yellow,1.0,15.96,3,3,14,5/3/2020
1526,Yellow,2.0,10.8,3,3,18,5/3/2020
1527,Yellow,1.0,14.16,3,3,20,5/3/2020
1528,Yellow,2.0,10.3,3,3,6,6/3/2020
1529,Yellow,1.0,63.96,1,5,6,6/3/2020
1530,Yellow,1.0,51.47,1,3,7,6/3/2020
1531,Yellow,2.0,12.3,3,3,10,6/3/2020
1532,Yellow,1.0,115.65,3,0,12,6/3/2020
1533,Yellow,2.0,14.3,3,3,12,6/3/2020
1534,Yellow,1.0,15.73,3,3,12,6/3/2020
1535,Yellow,1.0,14.08,3,3,12,6/3/2020
1536,Yellow,1.0,12.95,3,3,12,6/3/2020
1537,Yellow,1.0,10.56,3,3,13,6/3/2020
1538,Yellow,1.0,8.76,3,3,13,6/3/2020
1539,Yellow,1.0,14.15,3,3,14,6/3/2020
1540,Yellow,2.0,8.8,3,3,14,6/3/2020
1541,Yellow,1.0,13.56,3,3,14,6/3/2020
1542,Yellow,1.0,10.12,3,3,14,6/3/2020
1543,Yellow,1.0,9.8,3,3,15,6/3/2020
1544,Yellow,2.0,11.3,3,3,15,6/3/2020
1545,Yellow,1.0,53.15,3,1,15,6/3/2020
1546,Yellow,2.0,15.3,3,3,16,6/3/2020
1547,Yellow,1.0,46.56,3,5,17,6/3/2020
1548,Yellow,1.0,9.96,3,3,17,6/3/2020
1549,Yellow,1.0,12.8,3,3,18,6/3/2020
1550,Yellow,1.0,14.16,3,3,18,6/3/2020
1551,Yellow,1.0,10.56,3,3,18,6/3/2020
1552,Yellow,2.0,12.3,3,3,6,7/3/2020
1553,Yellow,1.0,15.3,3,3,9,7/3/2020
1554,Yellow,1.0,15.95,3,3,10,7/3/2020
1555,Yellow,1.0,12.42,3,3,12,7/3/2020
1556,Yellow,2.0,11.8,3,3,13,7/3/2020
1557,Yellow,1.0,17.15,3,3,13,7/3/2020
1558,Yellow,1.0,12.8,3,3,15,7/3/2020
1559,Yellow,2.0,9.8,3,3,16,7/3/2020
1560,Yellow,1.0,12.96,3,3,17,7/3/2020
1561,Yellow,2.0,11.3,3,3,18,7/3/2020
1562,Yellow,4.0,10.8,3,3,18,7/3/2020
1563,Yellow,1.0,56.3,3,5,19,7/3/2020
1564,Yellow,1.0,18.96,3,3,20,7/3/2020
1565,Yellow,1.0,27.6,3,3,19,7/3/2020
1566,Yellow,2.0,4.8,3,3,8,8/3/2020
1567,Yellow,1.0,19.56,3,2,8,8/3/2020
1568,Yellow,1.0,8.8,3,3,9,8/3/2020
1569,Yellow,1.0,8.97,3,3,10,8/3/2020
1570,Yellow,2.0,7.8,3,3,10,8/3/2020
1571,Yellow,2.0,17.8,3,3,10,8/3/2020
1572,Yellow,2.0,15.3,3,3,12,8/3/2020
1573,Yellow,2.0,29.8,1,1,13,8/3/2020
1574,Yellow,1.0,20.38,3,3,13,8/3/2020
1575,Yellow,1.0,12.05,3,3,15,8/3/2020
1576,Yellow,1.0,6.36,3,3,16,8/3/2020
1577,Yellow,1.0,17.76,3,3,17,8/3/2020
1578,Yellow,1.0,14.63,3,3,18,8/3/2020
1579,Yellow,1.0,17.02,3,3,19,8/3/2020
1580,Yellow,2.0,8.8,3,3,19,8/3/2020
1581,Yellow,2.0,8.8,3,3,20,8/3/2020
1582,Yellow,1.0,9.2,3,3,7,9/3/2020
1583,Yellow,2.0,9.3,3,3,9,9/3/2020
1584,Yellow,2.0,13.8,3,3,10,9/3/2020
1585,Yellow,1.0,13.55,3,3,13,9/3/2020
1586,Yellow,2.0,13.3,3,3,14,9/3/2020
1587,Yellow,1.0,9.75,3,3,14,9/3/2020
1588,Yellow,1.0,19.2,3,3,15,9/3/2020
1589,Yellow,1.0,12.36,3,3,15,9/3/2020
1590,Yellow,2.0,8.3,3,3,15,9/3/2020
1591,Yellow,1.0,34.3,3,1,15,9/3/2020
1592,Yellow,1.0,11.85,3,3,17,9/3/2020
1593,Yellow,2.0,8.8,3,3,18,9/3/2020
1594,Yellow,1.0,21.96,3,3,19,9/3/2020
1595,Yellow,1.0,22.25,3,3,20,9/3/2020
1596,Yellow,1.0,40.16,1,3,7,10/3/2020
1597,Yellow,1.0,13.8,3,3,9,10/3/2020
1598,Yellow,1.0,14.76,3,3,9,10/3/2020
1599,Yellow,1.0,11.3,3,3,11,10/3/2020
1600,Yellow,2.0,8.3,3,3,13,10/3/2020
1601,Yellow,1.0,16.0,3,3,15,10/3/2020
1602,Yellow,1.0,21.62,3,3,15,10/3/2020
1603,Yellow,2.0,9.3,1,1,18,10/3/2020
1604,Yellow,3.0,10.3,3,3,19,10/3/2020
1605,Yellow,1.0,13.0,3,3,20,10/3/2020
1606,Yellow,2.0,10.8,3,3,20,10/3/2020
1607,Yellow,0.0,21.85,3,1,8,4/3/2020
1608,Yellow,0.0,23.89,5,3,16,6/3/2020
1609,Yellow,1.0,9.36,3,3,11,4/8/2020
1610,Yellow,2.0,10.3,3,3,11,4/8/2020
1611,Yellow,2.0,20.3,3,3,12,4/8/2020
1612,Yellow,2.0,12.3,3,3,13,4/8/2020
1613,Yellow,1.0,18.0,3,3,14,4/8/2020
1614,Yellow,1.0,8.3,3,3,15,4/8/2020
1615,Yellow,2.0,22.8,3,3,15,4/8/2020
1616,Yellow,1.0,18.59,3,3,17,4/8/2020
1617,Yellow,2.0,9.3,3,3,17,4/8/2020
1618,Yellow,2.0,28.3,3,1,17,4/8/2020
1619,Yellow,1.0,13.55,3,3,13,5/8/2020
1620,Yellow,1.0,12.0,3,2,15,5/8/2020
1621,Yellow,1.0,18.35,3,3,16,5/8/2020
1622,Yellow,1.0,23.15,3,3,17,5/8/2020
1623,Yellow,2.0,17.8,3,3,17,5/8/2020
1624,Yellow,2.0,17.8,3,3,17,5/8/2020
1625,Yellow,1.0,16.64,3,3,17,5/8/2020
1626,Yellow,1.0,10.8,3,3,18,5/8/2020
1627,Yellow,2.0,28.3,3,1,18,5/8/2020
1628,Yellow,1.0,52.1,3,1,18,5/8/2020
1629,Yellow,1.0,12.96,3,3,19,5/8/2020
1630,Yellow,1.0,12.96,3,3,19,5/8/2020
1631,Yellow,1.0,19.56,3,3,20,5/8/2020
1632,Yellow,1.0,12.36,3,3,20,5/8/2020
1633,Yellow,1.0,10.3,3,3,6,6/8/2020
1634,Yellow,2.0,8.8,3,3,8,6/8/2020
1635,Yellow,1.0,16.56,3,3,9,6/8/2020
1636,Yellow,1.0,22.56,3,3,11,6/8/2020
1637,Yellow,1.0,11.75,3,3,11,6/8/2020
1638,Yellow,1.0,8.16,3,3,11,6/8/2020
1639,Yellow,2.0,9.3,3,3,13,6/8/2020
1640,Yellow,2.0,16.3,3,3,14,6/8/2020
1641,Yellow,2.0,17.8,3,3,15,6/8/2020
1642,Yellow,1.0,16.3,3,3,15,6/8/2020
1643,Yellow,1.0,15.99,3,3,15,6/8/2020
1644,Yellow,1.0,15.36,3,3,15,6/8/2020
1645,Yellow,2.0,10.8,3,3,15,6/8/2020
1646,Yellow,2.0,6.8,3,3,16,6/8/2020
1647,Yellow,2.0,10.8,3,3,16,6/8/2020
1648,Yellow,1.0,15.36,3,3,17,6/8/2020
1649,Yellow,1.0,13.5,3,3,18,6/8/2020
1650,Yellow,1.0,8.75,3,3,8,7/8/2020
1651,Yellow,1.0,15.96,3,3,11,7/8/2020
1652,Yellow,2.0,9.3,2,2,11,7/8/2020
1653,Yellow,2.0,8.8,3,3,13,7/8/2020
1654,Yellow,1.0,15.96,3,3,18,7/8/2020
1655,Yellow,1.0,12.42,3,3,19,7/8/2020
1656,Yellow,2.0,10.3,3,3,19,7/8/2020
1657,Yellow,2.0,8.8,3,3,19,7/8/2020
1658,Yellow,1.0,12.96,5,3,9,8/8/2020
1659,Yellow,2.0,9.8,3,3,10,8/8/2020
1660,Yellow,1.0,36.3,3,2,12,8/8/2020
1661,Yellow,1.0,11.76,3,3,12,8/8/2020
1662,Yellow,1.0,10.3,3,3,13,8/8/2020
1663,Yellow,2.0,13.3,1,1,14,8/8/2020
1664,Yellow,2.0,12.8,3,2,14,8/8/2020
1665,Yellow,2.0,10.8,3,3,16,8/8/2020
1666,Yellow,1.0,9.36,3,3,16,8/8/2020
1667,Yellow,1.0,21.3,3,3,17,8/8/2020
1668,Yellow,2.0,8.3,3,2,17,8/8/2020
1669,Yellow,1.0,25.56,3,3,17,8/8/2020
1670,Yellow,1.0,12.74,3,3,18,8/8/2020
1671,Yellow,1.0,13.56,3,3,19,8/8/2020
1672,Yellow,1.0,41.0,1,3,19,8/8/2020
1673,Yellow,1.0,9.96,3,3,19,8/8/2020
1674,Yellow,1.0,13.39,3,3,20,8/8/2020
1675,Yellow,1.0,12.98,3,3,20,8/8/2020
1676,Yellow,1.0,10.55,3,3,7,9/8/2020
1677,Yellow,2.0,5.3,3,3,7,9/8/2020
1678,Yellow,1.0,9.55,3,3,8,9/8/2020
1679,Yellow,1.0,14.0,3,3,10,9/8/2020
1680,Yellow,1.0,41.76,1,5,13,9/8/2020
1681,Yellow,1.0,14.8,3,3,14,9/8/2020
1682,Yellow,1.0,45.3,3,5,14,9/8/2020
1683,Yellow,1.0,11.0,3,3,18,9/8/2020
1684,Yellow,1.0,8.8,3,3,19,9/8/2020
1685,Yellow,1.0,9.36,1,1,19,9/8/2020
1686,Yellow,2.0,7.8,3,3,20,9/8/2020
1687,Yellow,1.0,14.75,3,3,20,9/8/2020
1688,Yellow,1.0,15.96,3,3,20,9/8/2020
1689,Yellow,2.0,9.8,3,3,8,10/8/2020
1690,Yellow,1.0,46.12,2,5,10,10/8/2020
1691,Yellow,1.0,11.76,3,3,10,10/8/2020
1692,Yellow,1.0,12.8,3,3,11,10/8/2020
1693,Yellow,1.0,10.8,3,3,11,10/8/2020
1694,Yellow,1.0,15.96,3,3,11,10/8/2020
1695,Yellow,2.0,14.3,3,3,13,10/8/2020
1696,Yellow,2.0,10.3,3,3,14,10/8/2020
1697,Yellow,1.0,9.75,3,3,14,10/8/2020
1698,Yellow,1.0,9.95,3,3,14,10/8/2020
1699,Yellow,2.0,9.8,3,3,15,10/8/2020
1700,Yellow,2.0,15.3,3,3,15,10/8/2020
1701,Yellow,1.0,12.3,3,3,16,10/8/2020
1702,Yellow,2.0,9.3,3,3,18,10/8/2020
1703,Yellow,1.0,11.76,3,3,20,10/8/2020
1704,Yellow,0.0,51.16,1,5,10,5/8/2020
1705,Yellow,0.0,26.26,3,3,12,5/8/2020
1706,Yellow,0.0,30.1,3,3,11,6/8/2020
1707,Yellow,0.0,19.32,3,3,8,7/8/2020
1708,Yellow,0.0,12.43,3,3,8,7/8/2020
1709,Yellow,0.0,25.5,2,3,10,9/8/2020
1710,Yellow,1.0,13.56,3,3,12,19/12/2020
1711,Yellow,2.0,23.3,3,3,12,19/12/2020
1712,Yellow,4.0,8.8,3,3,13,19/12/2020
1713,Yellow,1.0,20.16,3,3,14,19/12/2020
1714,Yellow,1.0,25.55,3,5,20,19/12/2020
1715,Yellow,2.0,8.8,3,3,10,20/12/2020
1716,Yellow,1.0,12.8,3,3,11,20/12/2020
1717,Yellow,1.0,11.3,3,3,12,20/12/2020
1718,Yellow,1.0,9.12,3,3,13,20/12/2020
1719,Yellow,2.0,10.8,3,3,13,20/12/2020
1720,Yellow,1.0,10.55,3,3,13,20/12/2020
1721,Yellow,1.0,20.7,3,3,14,20/12/2020
1722,Yellow,1.0,16.0,3,3,15,20/12/2020
1723,Yellow,1.0,13.0,3,3,15,20/12/2020
1724,Yellow,2.0,16.3,3,3,16,20/12/2020
1725,Yellow,1.0,10.56,3,3,16,20/12/2020
1726,Yellow,1.0,14.3,3,3,18,20/12/2020
1727,Yellow,2.0,23.8,1,5,19,20/12/2020
1728,Yellow,1.0,11.16,3,3,8,21/12/2020
1729,Yellow,1.0,13.55,3,3,9,21/12/2020
1730,Yellow,1.0,13.39,3,3,9,21/12/2020
1731,Yellow,1.0,12.96,3,3,9,21/12/2020
1732,Yellow,2.0,13.3,3,3,10,21/12/2020
1733,Yellow,2.0,16.8,3,3,10,21/12/2020
1734,Yellow,1.0,36.36,3,5,10,21/12/2020
1735,Yellow,1.0,8.8,3,3,10,21/12/2020
1736,Yellow,1.0,16.8,3,3,11,21/12/2020
1737,Yellow,2.0,10.3,3,3,12,21/12/2020
1738,Yellow,1.0,13.56,3,3,14,21/12/2020
1739,Yellow,2.0,15.3,3,3,15,21/12/2020
1740,Yellow,2.0,9.3,3,3,16,21/12/2020
1741,Yellow,1.0,10.3,3,3,20,21/12/2020
1742,Yellow,1.0,14.3,3,3,7,22/12/2020
1743,Yellow,2.0,7.3,3,3,7,22/12/2020
1744,Yellow,1.0,12.3,3,3,9,22/12/2020
1745,Yellow,1.0,8.16,3,3,9,22/12/2020
1746,Yellow,1.0,15.96,3,3,10,22/12/2020
1747,Yellow,1.0,15.36,3,3,10,22/12/2020
1748,Yellow,1.0,28.55,3,3,10,22/12/2020
1749,Yellow,2.0,12.8,3,3,11,22/12/2020
1750,Yellow,1.0,11.62,3,3,12,22/12/2020
1751,Yellow,1.0,21.8,5,5,11,22/12/2020
1752,Yellow,1.0,23.75,3,3,12,22/12/2020
1753,Yellow,1.0,11.76,3,3,12,22/12/2020
1754,Yellow,1.0,9.36,3,3,13,22/12/2020
1755,Yellow,2.0,18.3,3,3,13,22/12/2020
1756,Yellow,1.0,20.3,3,3,13,22/12/2020
1757,Yellow,1.0,17.25,3,3,14,22/12/2020
1758,Yellow,1.0,14.65,3,3,14,22/12/2020
1759,Yellow,2.0,14.8,3,3,14,22/12/2020
1760,Yellow,2.0,27.8,2,3,14,22/12/2020
1761,Yellow,1.0,23.76,3,3,15,22/12/2020
1762,Yellow,2.0,26.3,3,3,15,22/12/2020
1763,Yellow,1.0,13.0,3,3,15,22/12/2020
1764,Yellow,1.0,14.3,3,3,17,22/12/2020
1765,Yellow,1.0,15.8,3,3,17,22/12/2020
1766,Yellow,1.0,27.96,3,3,18,22/12/2020
1767,Yellow,1.0,20.8,3,3,18,22/12/2020
1768,Yellow,1.0,16.55,3,3,19,22/12/2020
1769,Yellow,2.0,11.8,3,3,6,23/12/2020
1770,Yellow,2.0,8.8,3,3,7,23/12/2020
1771,Yellow,2.0,3.8,3,3,9,23/12/2020
1772,Yellow,2.0,12.3,3,3,9,23/12/2020
1773,Yellow,1.0,11.44,3,3,10,23/12/2020
1774,Yellow,1.0,27.88,3,3,10,23/12/2020
1775,Yellow,1.0,25.0,3,3,13,23/12/2020
1776,Yellow,2.0,18.3,3,3,13,23/12/2020
1777,Yellow,1.0,22.56,3,3,14,23/12/2020
1778,Yellow,1.0,9.96,3,3,15,23/12/2020
1779,Yellow,1.0,9.68,3,3,15,23/12/2020
1780,Yellow,2.0,5.3,3,3,15,23/12/2020
1781,Yellow,1.0,11.76,3,3,16,23/12/2020
1782,Yellow,1.0,14.8,3,3,17,23/12/2020
1783,Yellow,1.0,12.35,3,3,18,23/12/2020
1784,Yellow,2.0,10.3,3,3,9,24/12/2020
1785,Yellow,2.0,13.8,3,3,12,24/12/2020
1786,Yellow,1.0,23.79,3,3,12,24/12/2020
1787,Yellow,1.0,18.3,3,3,14,24/12/2020
1788,Yellow,1.0,9.36,3,3,15,24/12/2020
1789,Yellow,2.0,29.8,1,1,15,24/12/2020
1790,Yellow,3.0,7.8,3,3,15,24/12/2020
1791,Yellow,1.0,12.95,3,3,16,24/12/2020
1792,Yellow,1.0,20.38,3,3,16,24/12/2020
1793,Yellow,2.0,16.8,3,3,16,24/12/2020
1794,Yellow,1.0,13.8,3,3,17,24/12/2020
1795,Yellow,1.0,12.96,3,3,18,24/12/2020
1796,Yellow,1.0,10.55,3,3,18,24/12/2020
1797,Yellow,1.0,13.55,3,3,18,24/12/2020
1798,Yellow,2.0,40.8,3,2,20,24/12/2020
1799,Yellow,2.0,9.8,3,3,15,25/12/2020
1800,Yellow,1.0,18.59,3,3,19,25/12/2020
1801,Yellow,2.0,17.8,5,3,8,26/12/2020
1802,Yellow,1.0,17.3,3,3,9,26/12/2020
1803,Yellow,1.0,14.3,3,3,10,26/12/2020
1804,Yellow,1.0,11.8,3,3,11,26/12/2020
1805,Yellow,2.0,9.3,3,3,13,26/12/2020
1806,Yellow,1.0,10.56,3,3,14,26/12/2020
1807,Yellow,1.0,11.8,3,3,20,26/12/2020
1808,Yellow,0.0,23.85,2,2,9,19/12/2020
1809,Yellow,0.0,22.2,5,5,9,19/12/2020
1810,Yellow,0.0,26.88,5,5,12,19/12/2020
1811,Yellow,0.0,34.63,5,1,13,21/12/2020
1812,Yellow,0.0,12.98,3,3,18,22/12/2020
1813,Yellow,0.0,27.37,2,3,18,24/12/2020
1814,Yellow,2.0,4.3,3,3,9,4/3/2021
1815,Yellow,1.0,11.0,3,3,10,4/3/2021
1816,Yellow,3.0,3.3,1,1,11,4/3/2021
1817,Yellow,1.0,11.76,3,3,15,4/3/2021
1818,Yellow,1.0,23.3,3,3,17,4/3/2021
1819,Yellow,1.0,25.3,3,3,17,4/3/2021
1820,Yellow,1.0,11.76,3,3,18,4/3/2021
1821,Yellow,1.0,12.42,3,3,18,4/3/2021
1822,Yellow,1.0,14.12,3,3,18,4/3/2021
1823,Yellow,1.0,14.13,3,3,18,4/3/2021
1824,Yellow,1.0,11.16,3,3,19,4/3/2021
1825,Yellow,1.0,62.16,1,5,19,4/3/2021
1826,Yellow,2.0,12.8,3,3,19,4/3/2021
1827,Yellow,1.0,12.96,3,6,20,4/3/2021
1828,Yellow,1.0,13.5,3,3,7,5/3/2021
1829,Yellow,1.0,8.8,3,3,8,5/3/2021
1830,Yellow,1.0,9.75,3,3,9,5/3/2021
1831,Yellow,1.0,11.15,3,3,10,5/3/2021
1832,Yellow,1.0,10.3,3,3,11,5/3/2021
1833,Yellow,1.0,7.8,3,3,11,5/3/2021
1834,Yellow,1.0,42.1,2,2,11,5/3/2021
1835,Yellow,2.0,37.3,3,3,11,5/3/2021
1836,Yellow,1.0,15.38,3,3,11,5/3/2021
1837,Yellow,1.0,14.16,3,3,13,5/3/2021
1838,Yellow,1.0,20.15,3,3,15,5/3/2021
1839,Yellow,1.0,14.75,3,3,15,5/3/2021
1840,Yellow,1.0,22.77,3,3,16,5/3/2021
1841,Yellow,1.0,13.55,3,3,19,5/3/2021
1842,Yellow,1.0,8.8,3,3,19,5/3/2021
1843,Yellow,1.0,11.16,3,3,6,6/3/2021
1844,Yellow,1.0,16.62,3,3,9,6/3/2021
1845,Yellow,1.0,12.96,3,3,10,6/3/2021
1846,Yellow,1.0,24.95,3,3,10,6/3/2021
1847,Yellow,1.0,23.79,3,3,10,6/3/2021
1848,Yellow,2.0,16.8,3,3,12,6/3/2021
1849,Yellow,1.0,12.8,3,3,12,6/3/2021
1850,Yellow,1.0,27.3,5,5,12,6/3/2021
1851,Yellow,2.0,10.3,3,3,12,6/3/2021
1852,Yellow,1.0,10.79,3,3,12,6/3/2021
1853,Yellow,1.0,20.54,3,3,13,6/3/2021
1854,Yellow,1.0,23.5,3,3,13,6/3/2021
1855,Yellow,1.0,73.7,1,3,14,6/3/2021
1856,Yellow,1.0,15.8,3,3,14,6/3/2021
1857,Yellow,1.0,12.96,3,3,14,6/3/2021
1858,Yellow,1.0,47.76,3,5,14,6/3/2021
1859,Yellow,2.0,6.8,3,3,15,6/3/2021
1860,Yellow,1.0,15.96,3,3,16,6/3/2021
1861,Yellow,2.0,17.8,3,3,17,6/3/2021
1862,Yellow,2.0,36.92,1,3,18,6/3/2021
1863,Yellow,1.0,21.3,3,3,18,6/3/2021
1864,Yellow,1.0,11.75,3,3,18,6/3/2021
1865,Yellow,1.0,14.8,3,3,20,6/3/2021
1866,Yellow,1.0,19.56,3,3,20,6/3/2021
1867,Yellow,2.0,17.3,3,3,12,7/3/2021
1868,Yellow,1.0,11.75,3,3,12,7/3/2021
1869,Yellow,2.0,10.3,3,3,16,7/3/2021
1870,Yellow,1.0,9.3,3,3,16,7/3/2021
1871,Yellow,1.0,9.96,3,3,18,7/3/2021
1872,Yellow,1.0,12.96,3,3,19,7/3/2021
1873,Yellow,1.0,17.88,3,3,20,7/3/2021
1874,Yellow,1.0,9.13,3,3,20,7/3/2021
1875,Yellow,1.0,13.55,3,3,7,8/3/2021
1876,Yellow,2.0,7.8,3,3,10,8/3/2021
1877,Yellow,1.0,15.35,3,3,9,8/3/2021
1878,Yellow,1.0,9.35,3,3,13,8/3/2021
1879,Yellow,1.0,11.15,3,3,15,8/3/2021
1880,Yellow,1.0,14.16,3,3,15,8/3/2021
1881,Yellow,1.0,9.68,3,3,17,8/3/2021
1882,Yellow,1.0,17.25,3,3,17,8/3/2021
1883,Yellow,1.0,21.84,3,3,18,8/3/2021
1884,Yellow,1.0,44.1,1,3,19,8/3/2021
1885,Yellow,1.0,9.8,3,3,19,8/3/2021
1886,Yellow,1.0,14.3,3,3,7,9/3/2021
1887,Yellow,2.0,6.8,3,3,7,9/3/2021
1888,Yellow,2.0,8.3,3,3,8,9/3/2021
1889,Yellow,1.0,21.36,3,3,8,9/3/2021
1890,Yellow,1.0,14.15,3,3,11,9/3/2021
1891,Yellow,2.0,9.3,3,3,12,9/3/2021
1892,Yellow,1.0,27.36,3,3,13,9/3/2021
1893,Yellow,1.0,17.25,3,3,13,9/3/2021
1894,Yellow,1.0,16.64,3,3,14,9/3/2021
1895,Yellow,1.0,22.55,3,3,15,9/3/2021
1896,Yellow,1.0,13.56,3,3,15,9/3/2021
1897,Yellow,1.0,17.25,3,3,18,9/3/2021
1898,Yellow,1.0,10.3,3,3,18,9/3/2021
1899,Yellow,1.0,12.8,3,3,18,9/3/2021
1900,Yellow,1.0,14.65,3,3,20,9/3/2021
1901,Yellow,1.0,17.15,3,3,8,10/3/2021
1902,Yellow,1.0,10.56,3,3,10,10/3/2021
1903,Yellow,1.0,14.1,3,3,12,10/3/2021
1904,Yellow,1.0,18.36,3,3,13,10/3/2021
1905,Yellow,2.0,9.3,3,3,15,10/3/2021
1906,Yellow,1.0,19.8,3,3,16,10/3/2021
1907,Yellow,1.0,24.96,3,3,17,10/3/2021
1908,Yellow,1.0,13.3,3,3,17,10/3/2021
1909,Yellow,1.0,14.8,3,3,18,10/3/2021
1910,Yellow,1.0,14.76,3,3,19,10/3/2021
1911,Yellow,0.0,30.22,3,3,14,4/3/2021
1912,Yellow,0.0,16.63,3,3,19,5/3/2021
1913,Yellow,0.0,29.32,5,5,7,6/3/2021
1914,Yellow,0.0,15.87,3,3,16,8/3/2021
1915,Yellow,0.0,68.1,2,5,14,10/3/2021
1916,Yellow,0.0,11.76,3,3,18,10/3/2021
1917,Yellow,1.0,16.07,1,1,9,4/8/2021
1918,Yellow,1.0,8.8,3,3,9,4/8/2021
1919,Yellow,2.0,9.3,3,3,15,4/8/2021
1920,Yellow,1.0,75.72,1,3,15,4/8/2021
1921,Yellow,1.0,14.76,3,3,16,4/8/2021
1922,Yellow,1.0,11.75,3,3,16,4/8/2021
1923,Yellow,1.0,11.75,3,3,16,4/8/2021
1924,Yellow,1.0,17.75,3,3,17,4/8/2021
1925,Yellow,1.0,12.25,3,3,17,4/8/2021
1926,Yellow,1.0,16.0,3,3,18,4/8/2021
1927,Yellow,1.0,13.53,3,3,18,4/8/2021
1928,Yellow,2.0,14.8,3,3,19,4/8/2021
1929,Yellow,1.0,9.95,3,3,19,4/8/2021
1930,Yellow,2.0,29.05,1,5,19,4/8/2021
1931,Yellow,1.0,12.96,3,3,20,4/8/2021
1932,Yellow,2.0,6.8,3,3,19,4/8/2021
1933,Yellow,1.0,14.15,3,3,19,4/8/2021
1934,Yellow,2.0,9.3,3,3,6,5/8/2021
1935,Yellow,2.0,41.05,1,1,9,5/8/2021
1936,Yellow,2.0,7.3,3,3,9,5/8/2021
1937,Yellow,1.0,15.3,3,3,10,5/8/2021
1938,Yellow,2.0,9.3,3,3,13,5/8/2021
1939,Yellow,1.0,150.1,1,6,14,5/8/2021
1940,Yellow,1.0,25.8,3,3,15,5/8/2021
1941,Yellow,1.0,13.7,3,3,15,5/8/2021
1942,Yellow,1.0,73.26,1,3,16,5/8/2021
1943,Yellow,1.0,16.56,3,3,16,5/8/2021
1944,Yellow,1.0,21.36,3,3,16,5/8/2021
1945,Yellow,1.0,10.56,3,3,16,5/8/2021
1946,Yellow,1.0,12.7,3,3,16,5/8/2021
1947,Yellow,1.0,14.13,3,3,16,5/8/2021
1948,Yellow,1.0,39.8,3,5,14,5/8/2021
1949,Yellow,1.0,10.3,3,3,18,5/8/2021
1950,Yellow,1.0,28.3,3,3,18,5/8/2021
1951,Yellow,1.0,12.3,3,3,19,5/8/2021
1952,Yellow,1.0,11.76,3,3,20,5/8/2021
1953,Yellow,1.0,9.36,3,3,19,5/8/2021
1954,Yellow,1.0,19.55,3,3,19,5/8/2021
1955,Yellow,2.0,40.3,3,2,6,6/8/2021
1956,Yellow,1.0,9.3,3,3,6,6/8/2021
1957,Yellow,1.0,14.75,3,3,9,6/8/2021
1958,Yellow,1.0,16.3,3,3,9,6/8/2021
1959,Yellow,1.0,12.88,3,3,12,6/8/2021
1960,Yellow,2.0,6.8,3,3,13,6/8/2021
1961,Yellow,2.0,8.8,3,3,13,6/8/2021
1962,Yellow,2.0,10.8,3,3,14,6/8/2021
1963,Yellow,1.0,10.78,3,3,15,6/8/2021
1964,Yellow,1.0,13.39,3,3,17,6/8/2021
1965,Yellow,1.0,17.16,3,3,18,6/8/2021
1966,Yellow,1.0,12.36,3,3,19,6/8/2021
1967,Yellow,2.0,9.3,3,3,20,6/8/2021
1968,Yellow,1.0,22.56,3,3,20,6/8/2021
1969,Yellow,2.0,5.8,3,3,8,7/8/2021
1970,Yellow,2.0,20.8,3,3,9,7/8/2021
1971,Yellow,1.0,16.3,3,3,9,7/8/2021
1972,Yellow,2.0,7.8,3,3,11,7/8/2021
1973,Yellow,1.0,14.3,3,3,11,7/8/2021
1974,Yellow,1.0,8.4,3,3,13,7/8/2021
1975,Yellow,2.0,10.3,3,3,14,7/8/2021
1976,Yellow,2.0,15.8,3,3,15,7/8/2021
1977,Yellow,1.0,15.95,3,3,15,7/8/2021
1978,Yellow,2.0,55.3,3,1,15,7/8/2021
1979,Yellow,2.0,12.3,3,3,19,7/8/2021
1980,Yellow,1.0,15.8,3,3,19,7/8/2021
1981,Yellow,2.0,8.8,3,3,18,8/8/2021
1982,Yellow,2.0,12.3,3,3,18,8/8/2021
1983,Yellow,2.0,6.3,3,3,7,9/8/2021
1984,Yellow,1.0,11.44,3,3,9,9/8/2021
1985,Yellow,1.0,9.54,3,3,11,9/8/2021
1986,Yellow,1.0,14.76,3,3,12,9/8/2021
1987,Yellow,2.0,8.3,3,3,15,9/8/2021
1988,Yellow,1.0,44.8,3,1,15,9/8/2021
1989,Yellow,1.0,22.63,3,3,16,9/8/2021
1990,Yellow,2.0,13.8,3,3,16,9/8/2021
1991,Yellow,1.0,9.8,3,3,6,10/8/2021
1992,Yellow,2.0,17.8,5,3,9,10/8/2021
1993,Yellow,1.0,16.56,3,3,9,10/8/2021
1994,Yellow,1.0,15.38,3,3,10,10/8/2021
1995,Yellow,1.0,21.96,3,3,11,10/8/2021
1996,Yellow,1.0,11.15,3,3,11,10/8/2021
1997,Yellow,1.0,19.75,3,3,12,10/8/2021
1998,Yellow,1.0,53.35,1,3,13,10/8/2021
1999,Yellow,1.0,9.45,3,3,13,10/8/2021
2000,Yellow,2.0,10.3,3,3,13,10/8/2021
2001,Yellow,1.0,16.56,3,3,14,10/8/2021
2002,Yellow,2.0,8.8,3,3,14,10/8/2021
2003,Yellow,1.0,30.65,1,5,14,10/8/2021
2004,Yellow,2.0,14.3,3,3,14,10/8/2021
2005,Yellow,1.0,14.8,3,3,17,10/8/2021
2006,Yellow,1.0,17.76,3,3,17,10/8/2021
2007,Yellow,2.0,8.8,3,2,17,10/8/2021
2008,Yellow,1.0,15.96,3,3,17,10/8/2021
2009,Yellow,1.0,12.74,3,3,17,10/8/2021
2010,Yellow,1.0,17.25,3,3,18,10/8/2021
2011,Yellow,1.0,10.7,3,3,18,10/8/2021
2012,Yellow,1.0,10.56,3,3,19,10/8/2021
2013,Yellow,1.0,15.36,3,1,19,10/8/2021
2014,Yellow,2.0,11.8,3,3,20,10/8/2021
2015,Yellow,1.0,23.8,3,3,20,10/8/2021
2016,Yellow,1.0,14.16,3,3,20,10/8/2021
2017,Yellow,3.0,57.05,1,5,20,10/8/2021
2018,Yellow,0.0,22.24,3,3,8,5/8/2021
2019,Yellow,0.0,21.75,3,3,15,9/8/2021
2020,Yellow,0.0,44.63,3,6,19,9/8/2021
2021,Yellow,0.0,19.5,3,3,19,10/8/2021
2022,Yellow,2.0,63.1,1,3,10,19/12/2021
2023,Yellow,2.0,8.8,3,3,10,19/12/2021
2024,Yellow,2.0,8.3,3,3,15,19/12/2021
2025,Yellow,1.0,15.99,3,3,16,19/12/2021
2026,Yellow,1.0,12.35,3,3,16,19/12/2021
2027,Yellow,1.0,14.16,3,3,16,19/12/2021
2028,Yellow,1.0,58.05,1,5,16,19/12/2021
2029,Yellow,1.0,47.52,1,3,17,19/12/2021
2030,Yellow,1.0,15.96,3,3,17,19/12/2021
2031,Yellow,1.0,22.56,3,3,18,19/12/2021
2032,Yellow,2.0,19.3,3,3,19,19/12/2021
2033,Yellow,1.0,24.75,3,3,20,19/12/2021
2034,Yellow,1.0,12.25,3,3,20,19/12/2021
2035,Yellow,1.0,18.36,3,5,6,20/12/2021
2036,Yellow,1.0,10.14,3,3,6,20/12/2021
2037,Yellow,1.0,34.55,3,3,7,20/12/2021
2038,Yellow,1.0,9.3,3,3,6,20/12/2021
2039,Yellow,2.0,18.8,3,3,9,20/12/2021
2040,Yellow,1.0,12.36,3,3,11,20/12/2021
2041,Yellow,3.0,3.3,6,6,11,20/12/2021
2042,Yellow,1.0,17.3,3,3,11,20/12/2021
2043,Yellow,1.0,63.42,1,6,14,20/12/2021
2044,Yellow,1.0,12.8,3,3,15,20/12/2021
2045,Yellow,1.0,18.36,3,3,15,20/12/2021
2046,Yellow,1.0,55.6,1,3,16,20/12/2021
2047,Yellow,2.0,15.8,3,3,16,20/12/2021
2048,Yellow,1.0,13.56,3,3,16,20/12/2021
2049,Yellow,2.0,15.3,3,3,17,20/12/2021
2050,Yellow,1.0,16.56,3,3,17,20/12/2021
2051,Yellow,1.0,21.96,3,3,17,20/12/2021
2052,Yellow,1.0,18.59,3,3,17,20/12/2021
2053,Yellow,1.0,55.55,1,5,18,20/12/2021
2054,Yellow,1.0,38.1,1,3,18,20/12/2021
2055,Yellow,2.0,13.8,3,5,20,20/12/2021
2056,Yellow,1.0,6.35,3,3,20,20/12/2021
2057,Yellow,1.0,17.76,3,3,20,20/12/2021
2058,Yellow,1.0,24.96,3,3,20,20/12/2021
2059,Yellow,2.0,20.3,3,3,8,21/12/2021
2060,Yellow,1.0,12.36,3,3,8,21/12/2021
2061,Yellow,1.0,14.75,3,3,10,21/12/2021
2062,Yellow,1.0,11.76,3,3,10,21/12/2021
2063,Yellow,1.0,16.55,3,3,12,21/12/2021
2064,Yellow,2.0,44.8,3,5,13,21/12/2021
2065,Yellow,1.0,17.3,3,3,14,21/12/2021
2066,Yellow,1.0,16.56,3,3,14,21/12/2021
2067,Yellow,1.0,11.16,3,3,15,21/12/2021
2068,Yellow,1.0,12.95,3,3,17,21/12/2021
2069,Yellow,1.0,17.76,3,3,18,21/12/2021
2070,Yellow,1.0,17.16,3,3,19,21/12/2021
2071,Yellow,1.0,18.95,3,3,20,21/12/2021
2072,Yellow,1.0,24.96,3,5,20,21/12/2021
2073,Yellow,4.0,54.05,1,1,7,22/12/2021
2074,Yellow,2.0,51.05,1,3,8,22/12/2021
2075,Yellow,1.0,8.76,3,3,8,22/12/2021
2076,Yellow,1.0,16.56,3,3,9,22/12/2021
2077,Yellow,1.0,13.5,3,3,10,22/12/2021
2078,Yellow,1.0,14.15,3,3,12,22/12/2021
2079,Yellow,1.0,20.76,3,6,12,22/12/2021
2080,Yellow,1.0,32.88,3,5,13,22/12/2021
2081,Yellow,2.0,10.3,3,3,13,22/12/2021
2082,Yellow,1.0,15.3,3,3,13,22/12/2021
2083,Yellow,1.0,9.3,3,3,16,22/12/2021
2084,Yellow,2.0,13.8,3,3,16,22/12/2021
2085,Yellow,2.0,7.3,3,3,12,23/12/2021
2086,Yellow,1.0,21.19,3,3,12,23/12/2021
2087,Yellow,1.0,11.15,3,3,15,23/12/2021
2088,Yellow,1.0,14.76,3,3,15,23/12/2021
2089,Yellow,1.0,22.25,1,3,17,23/12/2021
2090,Yellow,1.0,15.96,3,3,18,23/12/2021
2091,Yellow,4.0,6.8,3,3,6,24/12/2021
2092,Yellow,2.0,9.8,3,3,9,24/12/2021
2093,Yellow,2.0,11.3,3,3,9,24/12/2021
2094,Yellow,1.0,15.3,3,3,10,24/12/2021
2095,Yellow,1.0,10.32,3,3,15,24/12/2021
2096,Yellow,1.0,12.3,3,3,16,24/12/2021
2097,Yellow,1.0,12.25,3,3,17,24/12/2021
2098,Yellow,1.0,20.38,3,3,17,24/12/2021
2099,Yellow,1.0,22.56,3,3,19,24/12/2021
2100,Yellow,1.0,55.0,3,5,19,24/12/2021
2101,Yellow,1.0,16.83,3,3,10,25/12/2021
2102,Yellow,2.0,10.3,3,3,11,25/12/2021
2103,Yellow,2.0,11.3,3,3,11,25/12/2021
2104,Yellow,1.0,14.76,3,3,11,25/12/2021
2105,Yellow,2.0,7.8,3,3,12,25/12/2021
2106,Yellow,1.0,8.31,3,3,13,25/12/2021
2107,Yellow,1.0,18.35,3,3,13,25/12/2021
2108,Yellow,1.0,18.36,3,3,13,25/12/2021
2109,Yellow,1.0,10.3,3,3,19,25/12/2021
2110,Yellow,1.0,10.38,3,3,19,25/12/2021
2111,Yellow,1.0,16.56,3,3,20,25/12/2021
2112,Yellow,2.0,10.3,3,3,20,25/12/2021
2113,Yellow,1.0,10.56,3,3,8,26/12/2021
2114,Yellow,1.0,56.94,1,5,10,26/12/2021
2115,Yellow,2.0,8.3,3,3,12,26/12/2021
2116,Yellow,1.0,10.3,3,3,12,26/12/2021
2117,Yellow,1.0,20.75,3,3,14,26/12/2021
2118,Yellow,1.0,19.3,3,3,14,26/12/2021
2119,Yellow,1.0,14.16,3,3,14,26/12/2021
2120,Yellow,2.0,8.8,3,3,14,26/12/2021
2121,Yellow,2.0,24.8,3,3,15,26/12/2021
2122,Yellow,1.0,14.75,3,3,16,26/12/2021
2123,Yellow,1.0,11.75,3,3,19,26/12/2021
2124,Yellow,1.0,8.8,3,3,20,26/12/2021
2125,Yellow,0.0,22.46,5,5,10,19/12/2021
2126,Yellow,0.0,19.13,3,3,18,21/12/2021
2127,Yellow,0.0,29.04,3,3,12,22/12/2021
2128,Yellow,0.0,15.87,3,3,17,24/12/2021
2129,Yellow,0.0,49.2,1,1,11,25/12/2021
2130,Yellow,0.0,48.41,5,1,9,26/12/2021
2131,Yellow,1.0,25.8,3,3,8,4/3/2022
2132,Yellow,1.0,15.3,3,3,9,4/3/2022
2133,Yellow,1.0,54.4,3,5,14,4/3/2022
2134,Yellow,1.0,12.36,3,3,14,4/3/2022
2135,Yellow,1.0,17.29,3,3,14,4/3/2022
2136,Yellow,2.0,11.8,3,3,14,4/3/2022
2137,Yellow,1.0,17.15,3,3,15,4/3/2022
2138,Yellow,1.0,20.38,3,3,15,4/3/2022
2139,Yellow,1.0,10.3,3,3,15,4/3/2022
2140,Yellow,1.0,17.8,3,3,16,4/3/2022
2141,Yellow,1.0,14.16,3,3,16,4/3/2022
2142,Yellow,1.0,16.56,3,3,17,4/3/2022
2143,Yellow,2.0,39.8,3,1,18,4/3/2022
2144,Yellow,2.0,24.8,3,1,18,4/3/2022
2145,Yellow,2.0,10.8,3,3,18,4/3/2022
2146,Yellow,1.0,21.8,3,3,19,4/3/2022
2147,Yellow,1.0,22.25,3,3,20,4/3/2022
2148,Yellow,1.0,10.7,3,3,10,5/3/2022
2149,Yellow,1.0,10.38,3,3,12,5/3/2022
2150,Yellow,2.0,10.3,3,3,12,5/3/2022
2151,Yellow,2.0,7.8,3,3,13,5/3/2022
2152,Yellow,1.0,17.16,3,3,13,5/3/2022
2153,Yellow,2.0,8.8,3,3,13,5/3/2022
2154,Yellow,1.0,17.76,3,3,14,5/3/2022
2155,Yellow,1.0,15.3,3,3,15,5/3/2022
2156,Yellow,1.0,15.35,3,3,15,5/3/2022
2157,Yellow,1.0,21.59,3,3,16,5/3/2022
2158,Yellow,1.0,19.56,3,3,16,5/3/2022
2159,Yellow,1.0,21.95,3,3,16,5/3/2022
2160,Yellow,1.0,10.97,3,3,17,5/3/2022
2161,Yellow,1.0,29.16,3,3,17,5/3/2022
2162,Yellow,1.0,13.56,3,3,18,5/3/2022
2163,Yellow,1.0,20.76,3,3,19,5/3/2022
2164,Yellow,1.0,12.36,3,3,20,5/3/2022
2165,Yellow,2.0,23.8,3,5,8,6/3/2022
2166,Yellow,1.0,12.25,3,3,9,6/3/2022
2167,Yellow,2.0,6.8,3,3,10,6/3/2022
2168,Yellow,1.0,12.74,3,3,11,6/3/2022
2169,Yellow,2.0,9.3,3,3,14,6/3/2022
2170,Yellow,1.0,9.96,3,3,15,6/3/2022
2171,Yellow,1.0,15.35,3,3,17,6/3/2022
2172,Yellow,1.0,24.36,3,3,17,6/3/2022
2173,Yellow,1.0,14.75,3,3,17,6/3/2022
2174,Yellow,2.0,20.8,3,3,18,6/3/2022
2175,Yellow,1.0,13.56,3,3,19,6/3/2022
2176,Yellow,1.0,9.8,3,3,19,6/3/2022
2177,Yellow,1.0,19.56,3,3,7,7/3/2022
2178,Yellow,1.0,22.8,3,3,8,7/3/2022
2179,Yellow,2.0,6.8,3,3,9,7/3/2022
2180,Yellow,1.0,13.8,3,3,13,7/3/2022
2181,Yellow,2.0,9.8,3,3,13,7/3/2022
2182,Yellow,1.0,41.1,1,3,20,7/3/2022
2183,Yellow,1.0,12.25,3,3,20,7/3/2022
2184,Yellow,1.0,19.56,6,6,9,8/3/2022
2185,Yellow,1.0,45.7,1,3,10,8/3/2022
2186,Yellow,1.0,24.75,3,3,13,8/3/2022
2187,Yellow,2.0,11.8,3,3,14,8/3/2022
2188,Yellow,3.0,5.8,3,3,15,8/3/2022
2189,Yellow,1.0,14.12,3,3,15,8/3/2022
2190,Yellow,1.0,13.56,3,3,18,8/3/2022
2191,Yellow,1.0,16.28,3,3,20,8/3/2022
2192,Yellow,1.0,11.76,3,3,20,8/3/2022
2193,Yellow,1.0,12.7,3,3,7,9/3/2022
2194,Yellow,1.0,12.36,3,3,7,9/3/2022
2195,Yellow,1.0,16.45,3,3,9,9/3/2022
2196,Yellow,1.0,26.8,3,3,9,9/3/2022
2197,Yellow,1.0,13.8,3,3,9,9/3/2022
2198,Yellow,1.0,13.39,3,3,9,9/3/2022
2199,Yellow,1.0,13.8,3,3,10,9/3/2022
2200,Yellow,1.0,16.56,3,3,10,9/3/2022
2201,Yellow,1.0,38.16,3,3,10,9/3/2022
2202,Yellow,1.0,9.0,3,3,13,9/3/2022
2203,Yellow,1.0,30.36,3,3,13,9/3/2022
2204,Yellow,1.0,14.8,3,3,13,9/3/2022
2205,Yellow,1.0,10.56,3,3,13,9/3/2022
2206,Yellow,1.0,12.88,3,3,14,9/3/2022
2207,Yellow,1.0,18.48,3,3,15,9/3/2022
2208,Yellow,1.0,11.76,3,3,14,9/3/2022
2209,Yellow,1.0,24.35,3,3,15,9/3/2022
2210,Yellow,2.0,40.05,1,1,16,9/3/2022
2211,Yellow,1.0,15.96,3,3,16,9/3/2022
2212,Yellow,2.0,9.3,3,3,16,9/3/2022
2213,Yellow,1.0,17.76,3,3,16,9/3/2022
2214,Yellow,1.0,24.13,3,3,17,9/3/2022
2215,Yellow,1.0,11.76,3,3,18,9/3/2022
2216,Yellow,1.0,18.96,3,3,18,9/3/2022
2217,Yellow,1.0,11.84,3,3,19,9/3/2022
2218,Yellow,1.0,12.8,3,3,20,9/3/2022
2219,Yellow,2.0,19.8,3,3,20,9/3/2022
2220,Yellow,1.0,11.16,3,3,7,10/3/2022
2221,Yellow,1.0,11.33,3,3,7,10/3/2022
2222,Yellow,1.0,17.16,3,3,9,10/3/2022
2223,Yellow,2.0,61.42,3,1,14,10/3/2022
2224,Yellow,1.0,27.96,3,3,14,10/3/2022
2225,Yellow,1.0,13.5,3,3,15,10/3/2022
2226,Yellow,1.0,12.95,3,3,15,10/3/2022
2227,Yellow,1.0,19.56,3,3,17,10/3/2022
2228,Yellow,2.0,13.3,3,3,18,10/3/2022
2229,Yellow,1.0,19.3,3,3,18,10/3/2022
2230,Yellow,1.0,13.3,3,3,19,10/3/2022
2231,Yellow,1.0,18.36,3,3,20,10/3/2022
2232,Yellow,0.0,13.46,3,3,18,4/3/2022
2233,Yellow,0.0,18.36,3,3,9,5/3/2022
2234,Yellow,0.0,14.03,3,3,15,6/3/2022
2235,Yellow,1.0,10.55,3,3,8,4/8/2022
2236,Yellow,1.0,16.8,3,3,9,4/8/2022
2237,Yellow,1.0,22.3,3,3,14,4/8/2022
2238,Yellow,1.0,19.12,3,3,14,4/8/2022
2239,Yellow,2.0,22.8,3,3,15,4/8/2022
2240,Yellow,2.0,11.8,3,3,15,4/8/2022
2241,Yellow,2.0,11.8,3,3,15,4/8/2022
2242,Yellow,2.0,9.8,3,3,16,4/8/2022
2243,Yellow,1.0,22.25,3,3,16,4/8/2022
2244,Yellow,1.0,12.96,3,3,17,4/8/2022
2245,Yellow,1.0,22.33,3,3,17,4/8/2022
2246,Yellow,1.0,12.8,3,3,18,4/8/2022
2247,Yellow,1.0,21.3,3,3,18,4/8/2022
2248,Yellow,1.0,14.16,3,3,18,4/8/2022
2249,Yellow,2.0,19.8,3,3,18,4/8/2022
2250,Yellow,1.0,11.16,3,3,18,4/8/2022
2251,Yellow,2.0,65.1,1,3,19,4/8/2022
2252,Yellow,1.0,14.15,3,3,7,5/8/2022
2253,Yellow,1.0,12.3,3,3,8,5/8/2022
2254,Yellow,1.0,14.16,3,3,11,5/8/2022
2255,Yellow,1.0,10.3,3,3,13,5/8/2022
2256,Yellow,1.0,22.25,3,3,13,5/8/2022
2257,Yellow,1.0,82.32,1,6,14,5/8/2022
2258,Yellow,1.0,12.8,1,1,14,5/8/2022
2259,Yellow,1.0,74.22,3,1,15,5/8/2022
2260,Yellow,1.0,15.8,3,3,15,5/8/2022
2261,Yellow,1.0,12.35,3,3,15,5/8/2022
2262,Yellow,1.0,17.88,3,3,16,5/8/2022
2263,Yellow,2.0,12.3,3,3,16,5/8/2022
2264,Yellow,2.0,9.8,3,3,17,5/8/2022
2265,Yellow,1.0,49.0,1,3,18,5/8/2022
2266,Yellow,2.0,15.3,3,3,18,5/8/2022
2267,Yellow,1.0,14.13,3,3,18,5/8/2022
2268,Yellow,1.0,18.5,3,3,19,5/8/2022
2269,Yellow,1.0,13.0,3,3,19,5/8/2022
2270,Yellow,1.0,20.8,3,3,20,5/8/2022
2271,Yellow,1.0,16.8,3,3,20,5/8/2022
2272,Yellow,2.0,7.8,3,3,10,6/8/2022
2273,Yellow,1.0,18.5,3,3,11,6/8/2022
2274,Yellow,1.0,23.15,3,3,12,6/8/2022
2275,Yellow,2.0,8.3,3,3,12,6/8/2022
2276,Yellow,1.0,11.0,3,3,13,6/8/2022
2277,Yellow,1.0,13.55,3,3,16,6/8/2022
2278,Yellow,1.0,18.8,3,3,17,6/8/2022
2279,Yellow,1.0,16.3,3,3,18,6/8/2022
2280,Yellow,2.0,19.3,3,3,18,6/8/2022
2281,Yellow,1.0,18.55,3,3,19,6/8/2022
2282,Yellow,1.0,12.96,3,3,19,6/8/2022
2283,Yellow,2.0,4.55,1,1,19,6/8/2022
2284,Yellow,1.0,15.95,3,3,20,6/8/2022
2285,Yellow,2.0,13.8,3,3,6,7/8/2022
2286,Yellow,2.0,16.3,3,3,11,7/8/2022
2287,Yellow,1.0,7.56,3,3,11,7/8/2022
2288,Yellow,1.0,11.27,3,3,12,7/8/2022
2289,Yellow,1.0,21.95,3,3,12,7/8/2022
2290,Yellow,1.0,26.3,3,3,13,7/8/2022
2291,Yellow,1.0,16.86,1,1,17,7/8/2022
2292,Yellow,1.0,12.96,3,3,17,7/8/2022
2293,Yellow,1.0,18.96,3,3,12,8/8/2022
2294,Yellow,1.0,13.55,3,3,12,8/8/2022
2295,Yellow,1.0,64.85,3,1,15,8/8/2022
2296,Yellow,2.0,11.3,3,3,16,8/8/2022
2297,Yellow,1.0,10.55,3,3,18,8/8/2022
2298,Yellow,1.0,9.13,3,3,20,8/8/2022
2299,Yellow,1.0,16.55,3,3,7,9/8/2022
2300,Yellow,1.0,18.36,3,3,8,9/8/2022
2301,Yellow,1.0,26.75,3,3,12,9/8/2022
2302,Yellow,1.0,19.3,3,3,13,9/8/2022
2303,Yellow,2.0,14.3,3,3,14,9/8/2022
2304,Yellow,1.0,17.85,3,3,14,9/8/2022
2305,Yellow,1.0,12.96,3,3,15,9/8/2022
2306,Yellow,1.0,11.76,3,3,15,9/8/2022
2307,Yellow,1.0,21.8,3,3,16,9/8/2022
2308,Yellow,1.0,15.3,3,3,16,9/8/2022
2309,Yellow,1.0,22.5,3,3,16,9/8/2022
2310,Yellow,1.0,14.63,3,3,17,9/8/2022
2311,Yellow,1.0,18.3,3,3,17,9/8/2022
2312,Yellow,1.0,16.56,3,3,17,9/8/2022
2313,Yellow,1.0,11.56,3,3,17,9/8/2022
2314,Yellow,1.0,14.76,3,3,17,9/8/2022
2315,Yellow,2.0,26.8,3,1,19,9/8/2022
2316,Yellow,1.0,15.95,3,3,19,9/8/2022
2317,Yellow,1.0,16.8,3,3,19,9/8/2022
2318,Yellow,1.0,16.56,3,3,20,9/8/2022
2319,Yellow,1.0,15.8,3,3,20,9/8/2022
2320,Yellow,2.0,9.8,3,3,20,9/8/2022
2321,Yellow,1.0,14.16,3,3,7,10/8/2022
2322,Yellow,1.0,11.27,3,3,8,10/8/2022
2323,Yellow,1.0,17.16,3,3,9,10/8/2022
2324,Yellow,1.0,21.36,3,3,10,10/8/2022
2325,Yellow,1.0,17.76,3,3,10,10/8/2022
2326,Yellow,1.0,17.16,3,3,10,10/8/2022
2327,Yellow,1.0,30.96,3,3,11,10/8/2022
2328,Yellow,1.0,17.16,3,3,12,10/8/2022
2329,Yellow,2.0,16.3,3,3,15,10/8/2022
2330,Yellow,1.0,28.93,3,3,15,10/8/2022
2331,Yellow,1.0,20.16,3,3,16,10/8/2022
2332,Yellow,1.0,12.36,3,3,17,10/8/2022
2333,Yellow,1.0,11.76,3,3,17,10/8/2022
2334,Yellow,1.0,17.16,3,3,18,10/8/2022
2335,Yellow,1.0,17.29,3,3,18,10/8/2022
2336,Yellow,1.0,77.3,1,1,19,10/8/2022
2337,Yellow,0.0,19.6,3,3,12,4/8/2022
2338,Yellow,0.0,15.94,3,3,16,9/8/2022
2339,Yellow,1.0,25.0,3,3,8,19/12/2022
2340,Yellow,1.0,12.6,3,3,9,19/12/2022
2341,Yellow,1.0,26.04,3,3,14,19/12/2022
2342,Yellow,1.0,33.6,3,3,14,19/12/2022
2343,Yellow,1.0,30.0,3,3,14,19/12/2022
2344,Yellow,1.0,29.4,3,3,14,19/12/2022
2345,Yellow,1.0,16.8,3,3,15,19/12/2022
2346,Yellow,2.0,70.2,1,3,15,19/12/2022
2347,Yellow,2.0,75.25,1,3,15,19/12/2022
2348,Yellow,1.0,19.8,3,3,16,19/12/2022
2349,Yellow,1.0,22.32,3,3,16,19/12/2022
2350,Yellow,1.0,12.6,3,3,17,19/12/2022
2351,Yellow,1.0,18.87,3,3,17,19/12/2022
2352,Yellow,1.0,29.88,3,3,18,19/12/2022
2353,Yellow,1.0,15.6,3,3,18,19/12/2022
2354,Yellow,1.0,15.6,3,3,18,19/12/2022
2355,Yellow,1.0,50.55,1,1,19,19/12/2022
2356,Yellow,1.0,26.62,3,3,20,19/12/2022
2357,Yellow,1.0,18.9,3,3,7,20/12/2022
2358,Yellow,1.0,19.32,3,3,10,20/12/2022
2359,Yellow,1.0,23.66,3,3,11,20/12/2022
2360,Yellow,1.0,23.65,3,3,12,20/12/2022
2361,Yellow,2.0,14.7,3,3,13,20/12/2022
2362,Yellow,1.0,11.76,3,3,13,20/12/2022
2363,Yellow,1.0,16.8,3,3,13,20/12/2022
2364,Yellow,2.0,9.8,3,3,13,20/12/2022
2365,Yellow,1.0,29.0,3,3,15,20/12/2022
2366,Yellow,1.0,20.15,3,3,15,20/12/2022
2367,Yellow,2.0,27.7,3,1,16,20/12/2022
2368,Yellow,1.0,23.0,3,3,16,20/12/2022
2369,Yellow,2.0,10.2,3,3,16,20/12/2022
2370,Yellow,1.0,51.72,3,3,17,20/12/2022
2371,Yellow,1.0,13.63,3,3,17,20/12/2022
2372,Yellow,1.0,18.96,3,3,18,20/12/2022
2373,Yellow,1.0,19.35,3,3,18,20/12/2022
2374,Yellow,1.0,28.35,3,3,20,20/12/2022
2375,Yellow,1.0,22.8,3,3,6,21/12/2022
2376,Yellow,1.0,23.62,3,3,7,21/12/2022
2377,Yellow,1.0,21.0,3,3,8,21/12/2022
2378,Yellow,1.0,14.25,3,3,9,21/12/2022
2379,Yellow,2.0,12.6,3,3,12,21/12/2022
2380,Yellow,2.0,17.5,3,3,13,21/12/2022
2381,Yellow,1.0,13.6,3,3,14,21/12/2022
2382,Yellow,2.0,11.9,3,3,14,21/12/2022
2383,Yellow,1.0,15.95,3,3,15,21/12/2022
2384,Yellow,1.0,31.5,3,3,15,21/12/2022
2385,Yellow,2.0,48.0,3,3,16,21/12/2022
2386,Yellow,1.0,18.12,3,3,16,21/12/2022
2387,Yellow,1.0,24.0,3,3,18,21/12/2022
2388,Yellow,1.0,15.6,3,3,18,21/12/2022
2389,Yellow,2.0,11.6,3,3,19,21/12/2022
2390,Yellow,1.0,26.0,3,3,19,21/12/2022
2391,Yellow,1.0,67.25,1,1,9,22/12/2022
2392,Yellow,2.0,16.8,3,3,9,22/12/2022
2393,Yellow,2.0,20.7,3,3,17,22/12/2022
2394,Yellow,1.0,13.95,3,3,17,22/12/2022
2395,Yellow,1.0,38.28,3,5,19,22/12/2022
2396,Yellow,2.0,10.1,3,3,6,23/12/2022
2397,Yellow,2.0,19.6,3,3,11,23/12/2022
2398,Yellow,2.0,11.2,3,3,13,23/12/2022
2399,Yellow,2.0,14.7,3,3,14,23/12/2022
2400,Yellow,1.0,83.2,1,6,13,23/12/2022
2401,Yellow,2.0,13.0,3,3,18,23/12/2022
2402,Yellow,1.0,11.28,3,3,20,23/12/2022
2403,Yellow,1.0,16.7,3,3,20,23/12/2022
2404,Yellow,1.0,12.6,3,3,9,24/12/2022
2405,Yellow,1.0,17.5,3,3,9,24/12/2022
2406,Yellow,1.0,24.35,3,3,11,24/12/2022
2407,Yellow,1.0,67.5,3,1,12,24/12/2022
2408,Yellow,2.0,7.0,3,3,12,24/12/2022
2409,Yellow,2.0,25.9,3,3,12,24/12/2022
2410,Yellow,1.0,32.76,3,3,13,24/12/2022
2411,Yellow,2.0,39.9,3,3,13,24/12/2022
2412,Yellow,1.0,26.04,3,3,13,24/12/2022
2413,Yellow,2.0,17.5,3,3,13,24/12/2022
2414,Yellow,2.0,23.8,3,3,16,24/12/2022
2415,Yellow,1.0,12.08,3,3,16,24/12/2022
2416,Yellow,1.0,24.36,3,3,16,24/12/2022
2417,Yellow,2.0,28.0,3,3,16,24/12/2022
2418,Yellow,1.0,15.12,3,3,17,24/12/2022
2419,Yellow,1.0,33.6,3,3,18,24/12/2022
2420,Yellow,2.0,12.6,3,3,19,24/12/2022
2421,Yellow,1.0,8.8,3,3,19,24/12/2022
2422,Yellow,1.0,14.56,3,3,6,25/12/2022
2423,Yellow,1.0,52.15,1,1,9,25/12/2022
2424,Yellow,2.0,6.6,3,3,9,25/12/2022
2425,Yellow,4.0,7.0,3,3,10,25/12/2022
2426,Yellow,1.0,23.52,3,3,11,25/12/2022
2427,Yellow,2.0,20.3,3,3,12,25/12/2022
2428,Yellow,1.0,16.8,3,3,16,25/12/2022
2429,Yellow,2.0,12.6,3,3,16,25/12/2022
2430,Yellow,2.0,27.3,3,3,17,25/12/2022
2431,Yellow,2.0,31.8,3,3,20,25/12/2022
2432,Yellow,2.0,65.55,1,1,20,25/12/2022
2433,Yellow,2.0,101.0,1,3,10,26/12/2022
2434,Yellow,2.0,47.05,1,2,10,26/12/2022
2435,Yellow,2.0,11.2,3,3,13,26/12/2022
2436,Yellow,2.0,16.8,3,3,15,26/12/2022
2437,Yellow,1.0,18.0,3,3,19,26/12/2022
2438,Yellow,1.0,28.55,3,3,19,26/12/2022
2439,Yellow,0.0,28.21,3,3,13,20/12/2022
2440,Yellow,0.0,88.67,3,5,16,20/12/2022
2441,Yellow,0.0,21.38,3,3,20,23/12/2022
