ID_taxis,yellow,payment_type,total_amount,PU_ID_borough,DO_ID_borough,pickup_year,pickup_month,pickup_day,pickup_hour
0,0,1.0,9.3,5,5,2019,3,4,15
1,0,2.0,33.8,1,1,2019,3,4,15
2,0,1.0,57.3,5,5,2019,3,4,16
3,0,1.0,38.65,5,1,2019,3,4,16
4,0,2.0,16.8,1,1,2019,3,4,17
5,0,2.0,11.8,2,2,2019,3,4,18
6,0,2.0,13.3,1,1,2019,3,4,18
7,0,2.0,10.3,1,1,2019,3,4,19
8,0,2.0,9.8,1,1,2019,3,4,20
9,0,1.0,11.3,3,2,2019,3,4,20
10,0,1.0,8.8,3,3,2019,3,5,7
11,0,1.0,16.26,3,3,2019,3,5,8
12,0,1.0,52.85,3,3,2019,3,5,8
13,0,1.0,13.8,3,3,2019,3,5,8
14,0,1.0,11.11,3,3,2019,3,5,10
15,0,1.0,5.8,5,5,2019,3,5,10
16,0,1.0,58.3,1,5,2019,3,5,10
17,0,1.0,13.8,5,5,2019,3,5,17
18,0,1.0,3.96,1,1,2019,3,6,9
19,0,1.0,15.06,5,3,2019,3,6,11
20,0,1.0,11.76,3,3,2019,3,6,10
21,0,1.0,11.76,5,5,2019,3,6,10
22,0,2.0,14.3,1,1,2019,3,6,15
23,0,1.0,36.8,3,2,2019,3,6,15
24,0,1.0,14.8,1,1,2019,3,6,15
25,0,2.0,12.8,5,5,2019,3,6,16
26,0,1.0,22.8,1,1,2019,3,6,17
27,0,1.0,17.8,3,3,2019,3,6,17
28,0,2.0,16.8,1,1,2019,3,6,18
29,0,2.0,9.8,5,5,2019,3,6,18
30,0,1.0,14.3,1,1,2019,3,6,19
31,0,2.0,11.8,3,2,2019,3,6,19
32,0,2.0,6.3,1,1,2019,3,6,20
33,0,1.0,14.3,1,1,2019,3,6,20
34,0,1.0,11.76,5,5,2019,3,6,20
35,0,1.0,15.74,5,5,2019,3,7,7
36,0,2.0,6.8,3,3,2019,3,7,7
37,0,1.0,14.16,1,1,2019,3,7,8
38,0,1.0,60.8,5,3,2019,3,7,8
39,0,1.0,16.0,5,5,2019,3,7,8
40,0,1.0,19.09,1,1,2019,3,7,9
41,0,1.0,17.3,1,1,2019,3,7,9
42,0,1.0,8.3,3,3,2019,3,7,11
43,0,1.0,8.3,1,1,2019,3,7,11
44,0,2.0,8.3,1,1,2019,3,7,12
45,0,1.0,18.26,5,5,2019,3,7,12
46,0,1.0,15.06,3,3,2019,3,7,15
47,0,1.0,13.3,1,1,2019,3,7,15
48,0,1.0,9.8,5,5,2019,3,7,15
49,0,2.0,14.3,3,3,2019,3,7,16
50,0,1.0,14.8,5,5,2019,3,7,17
51,0,1.0,15.56,3,3,2019,3,7,19
52,0,2.0,11.3,3,3,2019,3,7,19
53,0,2.0,9.55,3,3,2019,3,7,19
54,0,2.0,3.3,5,5,2019,3,8,7
55,0,1.0,6.36,3,3,2019,3,8,8
56,0,1.0,21.3,5,3,2019,3,8,9
57,0,2.0,10.3,1,1,2019,3,8,10
58,0,1.0,17.31,5,3,2019,3,8,10
59,0,1.0,13.3,5,5,2019,3,8,9
60,0,1.0,18.81,5,3,2019,3,8,10
61,0,2.0,6.3,3,3,2019,3,8,10
62,0,1.0,36.3,3,3,2019,3,8,10
63,0,1.0,10.8,5,5,2019,3,8,12
64,0,2.0,7.3,3,3,2019,3,8,13
65,0,1.0,11.8,1,1,2019,3,8,16
66,0,2.0,14.8,1,1,2019,3,8,19
67,0,1.0,42.78,5,1,2019,3,9,7
68,0,2.0,12.55,3,3,2019,3,9,11
69,0,2.0,6.8,3,3,2019,3,9,12
70,0,1.0,20.8,5,5,2019,3,9,12
71,0,2.0,8.8,1,1,2019,3,9,13
72,0,1.0,12.3,5,5,2019,3,9,15
73,0,1.0,3.96,1,1,2019,3,9,15
74,0,1.0,53.06,5,3,2019,3,9,19
75,0,1.0,18.81,3,3,2019,3,9,18
76,0,2.0,6.8,3,3,2019,3,9,20
77,0,2.0,9.3,1,1,2019,3,10,7
78,0,1.0,10.38,3,3,2019,3,10,12
79,0,2.0,5.8,1,1,2019,3,10,15
80,0,1.0,8.76,5,5,2019,3,10,18
81,0,1.0,55.06,3,5,2019,3,10,17
82,0,1.0,12.36,1,1,2019,3,10,17
83,0,5.0,18.38,5,5,2019,3,4,13
84,0,5.0,56.19,1,3,2019,3,4,16
85,0,5.0,15.5,2,2,2019,3,5,9
86,0,5.0,74.85,5,2,2019,3,5,15
87,0,5.0,19.27,1,3,2019,3,5,16
88,0,5.0,24.09,5,5,2019,3,8,10
89,0,5.0,17.84,5,5,2019,3,8,15
90,0,5.0,15.88,5,5,2019,3,9,7
91,0,5.0,56.75,1,3,2019,3,9,7
92,0,5.0,73.15,1,2,2019,3,9,10
93,0,2.0,7.8,2,2,2019,8,4,19
94,0,1.0,13.39,5,5,2019,8,4,19
95,0,1.0,33.19,5,3,2019,8,4,19
96,0,2.0,16.3,1,1,2019,8,4,20
97,0,1.0,56.46,3,5,2019,8,5,7
98,0,2.0,10.8,3,3,2019,8,5,8
99,0,2.0,11.8,1,1,2019,8,5,9
100,0,2.0,5.8,3,3,2019,8,5,11
101,0,1.0,23.3,1,1,2019,8,5,10
102,0,2.0,9.8,2,3,2019,8,5,11
103,0,1.0,6.6,3,3,2019,8,5,13
104,0,1.0,22.26,3,3,2019,8,5,14
105,0,2.0,12.3,5,5,2019,8,5,15
106,0,2.0,8.3,3,3,2019,8,5,16
107,0,2.0,5.8,3,3,2019,8,5,16
108,0,2.0,10.8,1,1,2019,8,5,16
109,0,2.0,11.8,5,5,2019,8,5,17
110,0,1.0,13.86,3,3,2019,8,5,19
111,0,1.0,11.16,1,1,2019,8,5,19
112,0,2.0,16.3,3,3,2019,8,5,18
113,0,1.0,17.46,3,3,2019,8,5,20
114,0,1.0,20.46,5,3,2019,8,6,7
115,0,2.0,7.3,1,1,2019,8,6,8
116,0,2.0,5.8,3,3,2019,8,6,8
117,0,1.0,30.0,5,3,2019,8,6,9
118,0,1.0,27.3,2,2,2019,8,6,16
119,0,1.0,37.8,5,5,2019,8,6,17
120,0,1.0,44.98,3,2,2019,8,6,17
121,0,1.0,7.3,5,5,2019,8,6,20
122,0,1.0,8.16,3,3,2019,8,7,12
123,0,2.0,7.3,2,3,2019,8,7,13
124,0,2.0,9.3,2,2,2019,8,7,13
125,0,2.0,6.3,3,3,2019,8,7,14
126,0,2.0,11.3,5,5,2019,8,7,14
127,0,2.0,16.3,3,3,2019,8,7,14
128,0,1.0,32.46,3,1,2019,8,7,14
129,0,1.0,9.3,5,5,2019,8,7,15
130,0,2.0,9.8,1,1,2019,8,7,18
131,0,2.0,11.8,1,1,2019,8,7,20
132,0,1.0,10.1,5,5,2019,8,7,20
133,0,2.0,23.8,3,2,2019,8,8,7
134,0,1.0,8.3,3,3,2019,8,8,9
135,0,1.0,11.0,1,6,2019,8,8,10
136,0,2.0,19.55,3,3,2019,8,8,11
137,0,2.0,12.3,3,3,2019,8,8,12
138,0,2.0,12.05,3,3,2019,8,8,12
139,0,2.0,4.3,3,3,2019,8,8,13
140,0,1.0,17.8,5,5,2019,8,8,14
141,0,1.0,23.8,5,5,2019,8,8,15
142,0,2.0,12.3,1,1,2019,8,8,16
143,0,1.0,10.8,3,2,2019,8,8,16
144,0,2.0,10.3,3,3,2019,8,8,18
145,0,1.0,14.16,1,1,2019,8,8,17
146,0,2.0,10.3,5,5,2019,8,8,17
147,0,1.0,8.16,2,2,2019,8,8,18
148,0,1.0,44.8,5,5,2019,8,8,18
149,0,2.0,8.8,3,3,2019,8,8,19
150,0,2.0,6.8,5,5,2019,8,8,19
151,0,2.0,12.3,3,3,2019,8,8,20
152,0,1.0,13.0,5,5,2019,8,8,20
153,0,2.0,6.3,1,1,2019,8,9,9
154,0,2.0,35.42,3,1,2019,8,9,10
155,0,1.0,6.3,1,1,2019,8,9,10
156,0,2.0,6.8,3,3,2019,8,9,11
157,0,2.0,11.8,1,1,2019,8,9,11
158,0,2.0,8.8,1,1,2019,8,9,11
159,0,2.0,8.3,1,1,2019,8,9,15
160,0,1.0,98.92,1,2,2019,8,9,15
161,0,1.0,14.4,3,2,2019,8,9,16
162,0,1.0,12.51,5,5,2019,8,9,16
163,0,2.0,9.3,1,1,2019,8,9,16
164,0,2.0,16.55,3,3,2019,8,9,16
165,0,2.0,15.8,5,5,2019,8,9,16
166,0,1.0,42.36,5,3,2019,8,9,17
167,0,1.0,13.56,1,1,2019,8,9,19
168,0,1.0,19.3,1,5,2019,8,10,10
169,0,2.0,8.8,3,3,2019,8,10,10
170,0,2.0,38.05,3,5,2019,8,10,11
171,0,1.0,24.55,5,3,2019,8,10,12
172,0,2.0,16.3,5,5,2019,8,10,15
173,0,1.0,17.3,2,2,2019,8,10,15
174,0,2.0,4.3,5,5,2019,8,10,17
175,0,2.0,8.3,3,3,2019,8,10,17
176,0,2.0,11.3,1,1,2019,8,10,18
177,0,1.0,22.8,3,3,2019,8,10,18
178,0,2.0,26.3,1,1,2019,8,10,18
179,0,1.0,23.55,5,3,2019,8,10,19
180,0,2.0,10.3,1,1,2019,8,10,19
181,0,2.0,32.3,3,2,2019,8,10,20
182,0,5.0,32.5,2,2,2019,8,4,11
183,0,5.0,49.29,5,3,2019,8,5,8
184,0,5.0,24.69,5,5,2019,8,8,7
185,0,5.0,24.42,5,5,2019,8,8,16
186,0,5.0,36.0,1,1,2019,8,9,10
187,0,5.0,19.35,5,5,2019,8,10,15
188,0,2.0,13.3,5,5,2019,12,19,17
189,0,2.0,13.3,3,3,2019,12,19,17
190,0,1.0,23.0,1,1,2019,12,19,17
191,0,2.0,6.8,5,5,2019,12,19,17
192,0,2.0,16.05,3,3,2019,12,19,18
193,0,1.0,68.37,3,1,2019,12,19,19
194,0,2.0,22.8,1,1,2019,12,19,19
195,0,1.0,8.16,3,3,2019,12,19,20
196,0,2.0,6.8,3,3,2019,12,20,6
197,0,1.0,23.05,3,3,2019,12,20,8
198,0,2.0,15.3,3,3,2019,12,20,10
199,0,2.0,23.05,3,3,2019,12,20,10
200,0,1.0,14.16,1,1,2019,12,20,12
201,0,1.0,20.46,3,3,2019,12,20,13
202,0,2.0,5.8,3,3,2019,12,20,13
203,0,2.0,6.8,5,5,2019,12,20,14
204,0,1.0,9.96,3,3,2019,12,20,15
205,0,1.0,18.36,1,1,2019,12,20,16
206,0,2.0,7.8,3,3,2019,12,20,17
207,0,2.0,10.3,1,1,2019,12,20,17
208,0,1.0,15.38,5,5,2019,12,20,17
209,0,1.0,11.62,1,1,2019,12,20,18
210,0,2.0,7.8,3,3,2019,12,20,18
211,0,1.0,12.36,5,5,2019,12,20,19
212,0,1.0,27.8,5,5,2019,12,21,15
213,0,1.0,13.3,5,5,2019,12,21,16
214,0,2.0,9.3,1,1,2019,12,21,16
215,0,1.0,14.46,3,3,2019,12,21,20
216,0,2.0,45.42,3,1,2019,12,22,15
217,0,1.0,21.62,1,5,2019,12,22,15
218,0,2.0,6.8,3,3,2019,12,22,16
219,0,1.0,13.5,1,1,2019,12,22,16
220,0,2.0,19.3,1,1,2019,12,22,17
221,0,2.0,9.8,3,3,2019,12,22,17
222,0,2.0,5.8,5,5,2019,12,22,17
223,0,2.0,7.8,5,5,2019,12,22,19
224,0,1.0,12.66,3,3,2019,12,23,10
225,0,1.0,133.56,3,0,2019,12,23,14
226,0,1.0,22.56,3,3,2019,12,23,14
227,0,1.0,14.55,3,3,2019,12,23,15
228,0,2.0,23.05,1,3,2019,12,23,16
229,0,1.0,19.3,5,5,2019,12,23,18
230,0,1.0,15.96,1,1,2019,12,23,18
231,0,1.0,17.76,3,3,2019,12,23,19
232,0,1.0,7.8,1,1,2019,12,23,20
233,0,2.0,24.8,1,1,2019,12,23,20
234,0,2.0,13.3,2,2,2019,12,24,9
235,0,2.0,9.8,1,1,2019,12,24,10
236,0,2.0,6.3,1,1,2019,12,24,12
237,0,1.0,27.06,5,3,2019,12,24,13
238,0,2.0,18.3,5,5,2019,12,24,13
239,0,2.0,7.3,1,1,2019,12,24,14
240,0,1.0,52.8,1,6,2019,12,24,14
241,0,1.0,21.0,3,3,2019,12,24,15
242,0,2.0,24.05,3,3,2019,12,24,16
243,0,2.0,7.8,1,1,2019,12,24,16
244,0,1.0,18.36,5,5,2019,12,24,16
245,0,1.0,9.96,1,1,2019,12,24,17
246,0,2.0,8.3,2,2,2019,12,24,17
247,0,1.0,9.49,1,1,2019,12,24,20
248,0,1.0,8.3,3,3,2019,12,25,6
249,0,1.0,10.55,3,3,2019,12,25,6
250,0,2.0,11.3,3,3,2019,12,25,11
251,0,1.0,16.86,3,3,2019,12,25,11
252,0,2.0,7.3,1,1,2019,12,25,12
253,0,2.0,13.3,3,2,2019,12,25,17
254,0,1.0,13.3,3,2,2019,12,25,19
255,0,1.0,8.4,3,3,2019,12,26,6
256,0,2.0,18.05,5,3,2019,12,26,7
257,0,2.0,12.3,1,1,2019,12,26,8
258,0,2.0,5.3,1,1,2019,12,26,9
259,0,1.0,48.8,3,3,2019,12,26,9
260,0,1.0,38.19,5,3,2019,12,26,11
261,0,1.0,14.12,1,1,2019,12,26,14
262,0,1.0,31.26,3,3,2019,12,26,18
263,0,1.0,24.55,3,3,2019,12,26,19
264,0,2.0,10.3,1,1,2019,12,26,20
265,0,5.0,79.05,2,5,2019,12,19,6
266,0,5.0,36.0,3,2,2019,12,19,15
267,0,5.0,16.39,5,5,2019,12,19,16
268,0,5.0,26.36,5,5,2019,12,20,7
269,0,5.0,33.68,5,5,2019,12,20,8
270,0,5.0,57.67,3,1,2019,12,20,11
271,0,5.0,26.36,5,5,2019,12,20,11
272,0,5.0,21.64,2,2,2019,12,20,12
273,0,5.0,22.87,5,5,2019,12,20,14
274,0,5.0,25.5,5,5,2019,12,20,16
275,0,5.0,32.82,5,1,2019,12,20,18
276,0,5.0,46.5,1,1,2019,12,21,12
277,0,5.0,19.35,5,5,2019,12,21,18
278,0,5.0,74.11,5,2,2019,12,23,14
279,0,5.0,20.65,2,2,2019,12,24,8
280,0,5.0,29.0,2,2,2019,12,24,14
281,0,5.0,23.11,5,5,2019,12,26,8
282,0,5.0,18.48,5,5,2019,12,26,11
283,0,2.0,20.0,5,6,2020,3,4,13
284,0,1.0,12.7,5,5,2020,3,4,16
285,0,1.0,11.16,3,3,2020,3,4,18
286,0,1.0,8.57,3,3,2020,3,4,18
287,0,1.0,8.16,3,3,2020,3,4,19
288,0,1.0,7.54,1,1,2020,3,4,20
289,0,2.0,12.3,2,3,2020,3,5,6
290,0,2.0,7.8,3,3,2020,3,5,8
291,0,2.0,30.3,1,1,2020,3,5,8
292,0,1.0,33.36,5,3,2020,3,5,10
293,0,1.0,10.86,3,3,2020,3,5,10
294,0,2.0,11.8,1,1,2020,3,5,11
295,0,1.0,13.0,3,3,2020,3,5,13
296,0,2.0,8.8,3,3,2020,3,5,14
297,0,1.0,10.8,5,5,2020,3,5,16
298,0,2.0,15.3,1,1,2020,3,5,16
299,0,1.0,16.05,3,3,2020,3,5,16
300,0,2.0,12.3,1,1,2020,3,5,16
301,0,1.0,18.0,3,2,2020,3,5,17
302,0,1.0,13.25,3,3,2020,3,5,15
303,0,1.0,6.96,5,5,2020,3,5,19
304,0,1.0,8.16,1,1,2020,3,5,20
305,0,2.0,15.3,3,2,2020,3,5,19
306,0,2.0,10.8,5,5,2020,3,5,20
307,0,2.0,4.8,1,1,2020,3,6,7
308,0,2.0,14.8,1,1,2020,3,6,8
309,0,2.0,5.3,5,5,2020,3,6,9
310,0,2.0,8.5,3,3,2020,3,6,10
311,0,2.0,12.3,2,2,2020,3,6,10
312,0,2.0,16.8,1,1,2020,3,6,17
313,0,1.0,18.0,3,2,2020,3,6,18
314,0,1.0,20.05,2,3,2020,3,6,19
315,0,1.0,22.56,5,5,2020,3,7,8
316,0,1.0,18.35,5,3,2020,3,7,14
317,0,1.0,69.66,5,3,2020,3,7,16
318,0,2.0,8.3,1,1,2020,3,7,17
319,0,2.0,11.8,1,1,2020,3,7,17
320,0,1.0,37.26,3,3,2020,3,7,18
321,0,2.0,4.8,3,3,2020,3,7,18
322,0,1.0,25.3,3,3,2020,3,7,18
323,0,1.0,20.76,5,5,2020,3,7,18
324,0,1.0,9.3,5,5,2020,3,7,20
325,0,1.0,15.06,3,3,2020,3,8,14
326,0,1.0,18.3,5,5,2020,3,8,16
327,0,1.0,18.66,3,3,2020,3,8,18
328,0,1.0,14.55,3,3,2020,3,8,18
329,0,1.0,7.3,5,5,2020,3,8,20
330,0,2.0,7.3,5,5,2020,3,9,9
331,0,2.0,7.8,3,3,2020,3,9,9
332,0,1.0,30.66,3,3,2020,3,9,10
333,0,1.0,24.66,3,3,2020,3,9,12
334,0,1.0,20.87,5,3,2020,3,9,12
335,0,1.0,6.89,3,3,2020,3,9,15
336,0,2.0,5.8,5,5,2020,3,9,15
337,0,1.0,31.26,3,3,2020,3,9,17
338,0,1.0,10.0,3,3,2020,3,9,17
339,0,1.0,7.9,1,1,2020,3,9,18
340,0,1.0,8.97,1,1,2020,3,9,19
341,0,2.0,10.8,1,1,2020,3,9,19
342,0,1.0,8.76,1,1,2020,3,9,20
343,0,2.0,26.42,3,1,2020,3,10,6
344,0,1.0,15.96,3,3,2020,3,10,7
345,0,1.0,7.3,2,2,2020,3,10,8
346,0,2.0,8.3,3,3,2020,3,10,8
347,0,1.0,36.3,3,5,2020,3,10,10
348,0,2.0,9.8,3,3,2020,3,10,10
349,0,2.0,9.8,3,3,2020,3,10,14
350,0,1.0,10.56,1,1,2020,3,10,15
351,0,2.0,13.55,3,3,2020,3,10,15
352,0,1.0,15.66,3,3,2020,3,10,16
353,0,1.0,9.8,3,3,2020,3,10,15
354,0,1.0,11.76,3,3,2020,3,10,16
355,0,1.0,8.16,3,3,2020,3,10,19
356,0,5.0,34.95,5,3,2020,3,4,7
357,0,5.0,13.8,5,5,2020,3,4,9
358,0,5.0,17.82,1,1,2020,3,4,9
359,0,5.0,22.4,2,2,2020,3,4,11
360,0,5.0,16.47,5,5,2020,3,4,11
361,0,5.0,8.3,2,2,2020,3,4,12
362,0,5.0,21.5,5,5,2020,3,4,14
363,0,5.0,16.68,3,2,2020,3,5,8
364,0,5.0,20.69,5,5,2020,3,6,9
365,0,5.0,10.8,5,5,2020,3,6,11
366,0,5.0,22.45,5,5,2020,3,6,14
367,0,5.0,12.3,5,5,2020,3,6,14
368,0,5.0,14.17,5,5,2020,3,6,15
369,0,5.0,20.99,5,5,2020,3,7,12
370,0,5.0,10.84,2,3,2020,3,7,19
371,0,5.0,38.75,2,5,2020,3,8,7
372,0,5.0,9.3,5,5,2020,3,8,14
373,0,5.0,11.3,5,5,2020,3,8,15
374,0,5.0,14.32,5,5,2020,3,9,7
375,0,5.0,22.99,5,5,2020,3,9,7
376,0,5.0,40.52,5,3,2020,3,9,8
377,0,5.0,31.43,1,5,2020,3,9,10
378,0,5.0,8.3,5,5,2020,3,9,13
379,0,5.0,11.39,2,2,2020,3,9,14
380,0,5.0,12.88,5,5,2020,3,10,8
381,0,5.0,78.26,5,3,2020,3,10,12
382,0,1.0,17.05,3,3,2020,8,4,9
383,0,1.0,33.55,3,3,2020,8,4,10
384,0,2.0,11.3,2,2,2020,8,4,14
385,0,2.0,12.3,1,1,2020,8,4,18
386,0,2.0,8.3,1,1,2020,8,4,18
387,0,2.0,19.1,3,2,2020,8,5,7
388,0,1.0,5.3,3,3,2020,8,5,8
389,0,2.0,5.3,3,3,2020,8,5,10
390,0,2.0,14.8,3,3,2020,8,5,10
391,0,1.0,38.16,1,6,2020,8,5,10
392,0,2.0,7.3,3,3,2020,8,5,10
393,0,2.0,3.8,3,3,2020,8,5,11
394,0,2.0,17.8,5,5,2020,8,5,12
395,0,2.0,20.3,3,2,2020,8,5,14
396,0,1.0,88.67,5,2,2020,8,5,16
397,0,2.0,14.8,3,3,2020,8,5,16
398,0,2.0,13.3,3,3,2020,8,5,17
399,0,1.0,29.38,3,3,2020,8,5,17
400,0,1.0,13.8,3,3,2020,8,5,18
401,0,1.0,19.56,5,5,2020,8,5,20
402,0,1.0,23.8,3,2,2020,8,6,9
403,0,1.0,64.67,2,1,2020,8,6,10
404,0,1.0,8.8,3,3,2020,8,6,11
405,0,1.0,9.8,3,3,2020,8,6,12
406,0,2.0,25.8,3,2,2020,8,6,14
407,0,2.0,7.3,3,3,2020,8,6,14
408,0,2.0,9.8,3,3,2020,8,6,14
409,0,2.0,38.17,1,3,2020,8,6,16
410,0,1.0,9.96,5,5,2020,8,6,19
411,0,1.0,43.8,1,1,2020,8,6,20
412,0,1.0,59.17,2,1,2020,8,7,6
413,0,1.0,8.3,3,3,2020,8,7,6
414,0,1.0,27.0,1,6,2020,8,7,8
415,0,1.0,13.3,5,5,2020,8,7,10
416,0,1.0,11.8,3,3,2020,8,7,11
417,0,2.0,11.3,3,2,2020,8,7,11
418,0,2.0,19.3,3,2,2020,8,7,12
419,0,2.0,8.3,3,3,2020,8,7,12
420,0,2.0,8.8,3,3,2020,8,7,15
421,0,2.0,7.8,3,3,2020,8,7,15
422,0,2.0,6.3,3,3,2020,8,7,16
423,0,1.0,41.33,3,3,2020,8,7,16
424,0,1.0,12.0,5,5,2020,8,7,18
425,0,2.0,26.92,3,1,2020,8,8,6
426,0,1.0,30.42,1,3,2020,8,8,7
427,0,2.0,5.8,3,3,2020,8,8,11
428,0,1.0,22.26,3,3,2020,8,8,11
429,0,1.0,0.0,1,1,2020,8,8,13
430,0,1.0,14.46,3,3,2020,8,8,15
431,0,1.0,15.8,1,1,2020,8,8,16
432,0,1.0,29.0,5,5,2020,8,8,16
433,0,2.0,7.3,1,1,2020,8,8,16
434,0,2.0,12.3,3,2,2020,8,8,18
435,0,2.0,10.3,3,3,2020,8,8,20
436,0,1.0,97.29,1,4,2020,8,8,20
437,0,2.0,35.05,3,5,2020,8,9,7
438,0,2.0,7.8,1,1,2020,8,9,8
439,0,2.0,15.8,1,1,2020,8,9,9
440,0,1.0,20.3,1,1,2020,8,9,9
441,0,1.0,8.76,3,3,2020,8,9,12
442,0,2.0,9.8,3,3,2020,8,9,13
443,0,1.0,11.16,5,5,2020,8,9,20
444,0,1.0,21.0,2,2,2020,8,9,20
445,0,2.0,11.3,3,3,2020,8,10,7
446,0,2.0,13.8,3,3,2020,8,10,8
447,0,2.0,14.8,1,1,2020,8,10,10
448,0,1.0,43.0,5,5,2020,8,10,11
449,0,1.0,11.16,3,3,2020,8,10,15
450,0,5.0,34.86,3,3,2020,8,4,6
451,0,5.0,22.11,1,1,2020,8,4,10
452,0,5.0,23.11,5,5,2020,8,5,8
453,0,5.0,35.82,5,3,2020,8,5,9
454,0,5.0,25.5,3,3,2020,8,5,10
455,0,5.0,24.42,5,5,2020,8,5,11
456,0,5.0,31.17,2,2,2020,8,5,11
457,0,5.0,55.73,5,1,2020,8,5,13
458,0,5.0,57.67,3,1,2020,8,5,16
459,0,5.0,16.12,1,1,2020,8,6,8
460,0,5.0,30.32,2,2,2020,8,6,10
461,0,5.0,21.57,2,2,2020,8,6,10
462,0,5.0,56.45,2,3,2020,8,7,12
463,0,5.0,37.9,3,2,2020,8,7,15
464,0,5.0,28.64,5,5,2020,8,7,17
465,0,5.0,32.5,5,5,2020,8,7,20
466,0,5.0,22.0,3,3,2020,8,8,9
467,0,5.0,34.09,1,1,2020,8,8,9
468,0,5.0,22.87,5,5,2020,8,8,14
469,0,5.0,22.78,5,5,2020,8,8,17
470,0,5.0,37.42,5,3,2020,8,9,6
471,0,5.0,30.32,2,2,2020,8,9,8
472,0,5.0,18.48,5,5,2020,8,9,10
473,0,5.0,23.85,2,2,2020,8,10,10
474,0,5.0,32.5,3,2,2020,8,10,11
475,0,5.0,68.09,2,1,2020,8,10,13
476,0,5.0,50.0,5,3,2020,8,10,13
477,0,5.0,21.3,3,2,2020,8,10,13
478,0,5.0,24.42,5,5,2020,8,10,13
479,0,5.0,39.11,1,3,2020,8,10,14
480,0,5.0,61.93,3,5,2020,8,10,18
481,0,5.0,18.5,1,1,2020,8,10,18
482,0,2.0,6.3,3,3,2020,12,19,11
483,0,1.0,17.0,3,3,2020,12,19,11
484,0,2.0,12.8,5,5,2020,12,19,15
485,0,1.0,23.8,1,5,2020,12,19,19
486,0,2.0,7.3,3,3,2020,12,19,19
487,0,1.0,54.55,1,5,2020,12,20,8
488,0,1.0,41.3,1,6,2020,12,20,9
489,0,1.0,96.67,2,5,2020,12,20,12
490,0,2.0,9.8,3,3,2020,12,20,13
491,0,1.0,10.0,5,5,2020,12,20,13
492,0,1.0,15.06,3,3,2020,12,20,13
493,0,1.0,29.15,5,5,2020,12,20,14
494,0,2.0,6.3,3,3,2020,12,20,15
495,0,1.0,8.15,1,1,2020,12,20,18
496,0,1.0,12.0,5,5,2020,12,21,8
497,0,1.0,14.3,5,5,2020,12,21,9
498,0,2.0,6.3,1,1,2020,12,21,9
499,0,2.0,7.8,3,3,2020,12,21,12
500,0,1.0,11.62,3,3,2020,12,21,16
501,0,2.0,16.8,5,5,2020,12,21,17
502,0,1.0,62.05,4,4,2020,12,21,17
503,0,1.0,25.56,5,5,2020,12,21,19
504,0,1.0,17.76,3,3,2020,12,21,19
505,0,2.0,6.8,3,3,2020,12,21,20
506,0,1.0,24.55,3,3,2020,12,22,7
507,0,2.0,7.8,5,5,2020,12,22,12
508,0,2.0,10.3,1,1,2020,12,22,13
509,0,1.0,14.3,1,1,2020,12,22,13
510,0,1.0,18.36,5,5,2020,12,22,13
511,0,2.0,10.3,3,3,2020,12,22,14
512,0,1.0,26.0,3,3,2020,12,22,16
513,0,1.0,16.8,3,3,2020,12,22,17
514,0,1.0,17.29,1,1,2020,12,22,17
515,0,1.0,16.25,3,3,2020,12,22,18
516,0,2.0,23.3,2,6,2020,12,22,18
517,0,1.0,13.8,1,1,2020,12,22,18
518,0,2.0,15.3,3,2,2020,12,23,7
519,0,1.0,53.92,1,2,2020,12,23,8
520,0,2.0,7.3,3,3,2020,12,23,9
521,0,1.0,11.8,5,5,2020,12,23,11
522,0,1.0,7.8,3,3,2020,12,23,13
523,0,1.0,50.3,1,5,2020,12,23,15
524,0,2.0,11.3,3,3,2020,12,23,17
525,0,1.0,13.56,3,3,2020,12,23,18
526,0,1.0,9.96,1,1,2020,12,23,19
527,0,1.0,17.16,3,3,2020,12,23,19
528,0,2.0,13.8,1,1,2020,12,23,19
529,0,1.0,31.25,3,3,2020,12,24,9
530,0,2.0,34.3,2,6,2020,12,24,11
531,0,2.0,19.55,3,3,2020,12,24,11
532,0,1.0,26.76,5,5,2020,12,24,11
533,0,1.0,5.8,3,3,2020,12,24,11
534,0,2.0,7.3,5,5,2020,12,24,12
535,0,1.0,39.8,5,3,2020,12,24,12
536,0,2.0,14.8,3,3,2020,12,24,13
537,0,1.0,21.06,3,3,2020,12,24,14
538,0,2.0,13.55,3,3,2020,12,24,18
539,0,1.0,13.8,3,3,2020,12,24,18
540,0,2.0,7.8,3,3,2020,12,24,19
541,0,1.0,10.8,5,5,2020,12,24,19
542,0,1.0,77.67,5,6,2020,12,25,13
543,0,2.0,7.3,5,5,2020,12,25,16
544,0,1.0,12.13,3,3,2020,12,26,9
545,0,2.0,4.8,3,3,2020,12,26,16
546,0,2.0,9.3,3,3,2020,12,26,20
547,0,5.0,18.5,5,5,2020,12,19,14
548,0,5.0,19.78,5,5,2020,12,19,16
549,0,5.0,45.44,3,2,2020,12,20,8
550,0,5.0,32.99,3,2,2020,12,20,8
551,0,5.0,43.16,2,1,2020,12,20,9
552,0,5.0,50.82,2,5,2020,12,20,13
553,0,5.0,30.11,5,5,2020,12,21,6
554,0,5.0,48.94,5,3,2020,12,21,9
555,0,5.0,50.2,5,1,2020,12,21,10
556,0,5.0,36.01,5,5,2020,12,21,10
557,0,5.0,33.85,1,1,2020,12,22,9
558,0,5.0,20.74,3,3,2020,12,22,10
559,0,5.0,25.5,2,2,2020,12,22,11
560,0,5.0,25.5,2,2,2020,12,22,12
561,0,5.0,38.44,1,5,2020,12,22,12
562,0,5.0,24.42,5,5,2020,12,22,14
563,0,5.0,22.0,2,2,2020,12,22,16
564,0,5.0,34.07,3,1,2020,12,22,17
565,0,5.0,18.94,1,1,2020,12,22,17
566,0,5.0,15.67,2,2,2020,12,23,12
567,0,5.0,24.62,1,1,2020,12,23,13
568,0,5.0,24.62,1,1,2020,12,23,14
569,0,5.0,19.78,5,5,2020,12,23,14
570,0,5.0,54.6,5,3,2020,12,23,14
571,0,5.0,17.66,2,2,2020,12,23,14
572,0,5.0,51.16,5,5,2020,12,23,14
573,0,5.0,26.36,5,5,2020,12,23,17
574,0,5.0,25.5,2,2,2020,12,24,8
575,0,5.0,22.45,1,1,2020,12,25,10
576,0,5.0,19.78,5,5,2020,12,25,13
577,0,5.0,23.11,5,5,2020,12,25,15
578,0,5.0,33.32,5,3,2020,12,25,17
579,0,5.0,28.48,5,5,2020,12,26,7
580,0,5.0,18.5,2,2,2020,12,26,9
581,0,5.0,19.78,5,5,2020,12,26,19
582,0,1.0,39.44,3,3,2021,3,4,9
583,0,2.0,8.8,3,2,2021,3,4,10
584,0,2.0,13.3,1,1,2021,3,4,18
585,0,1.0,13.3,5,5,2021,3,4,17
586,0,1.0,14.1,3,3,2021,3,4,20
587,0,1.0,15.0,3,3,2021,3,5,6
588,0,2.0,6.8,3,3,2021,3,5,9
589,0,1.0,14.46,3,3,2021,3,5,9
590,0,1.0,34.86,3,3,2021,3,5,9
591,0,1.0,9.13,1,1,2021,3,5,11
592,0,1.0,9.3,3,3,2021,3,5,14
593,0,1.0,8.19,1,1,2021,3,5,16
594,0,2.0,7.8,3,3,2021,3,5,17
595,0,2.0,21.3,5,5,2021,3,5,20
596,0,1.0,8.16,3,3,2021,3,6,12
597,0,1.0,9.54,3,3,2021,3,6,13
598,0,2.0,10.8,5,5,2021,3,6,15
599,0,2.0,24.55,5,3,2021,3,6,16
600,0,1.0,10.8,5,5,2021,3,6,16
601,0,1.0,9.8,1,1,2021,3,6,17
602,0,2.0,12.8,3,2,2021,3,6,18
603,0,2.0,4.8,3,3,2021,3,7,13
604,0,1.0,19.3,5,5,2021,3,7,14
605,0,1.0,5.76,5,5,2021,3,7,14
606,0,1.0,21.0,3,2,2021,3,7,14
607,0,2.0,6.3,1,1,2021,3,7,16
608,0,1.0,9.96,3,3,2021,3,7,19
609,0,1.0,6.3,3,3,2021,3,8,6
610,0,1.0,18.66,1,3,2021,3,8,7
611,0,1.0,28.86,3,3,2021,3,8,9
612,0,2.0,7.3,3,3,2021,3,8,8
613,0,2.0,73.8,1,1,2021,3,8,10
614,0,1.0,19.25,3,3,2021,3,8,11
615,0,2.0,11.05,3,3,2021,3,8,12
616,0,2.0,15.55,3,3,2021,3,8,13
617,0,2.0,5.8,5,5,2021,3,8,15
618,0,1.0,17.88,5,5,2021,3,8,17
619,0,2.0,24.92,3,1,2021,3,9,7
620,0,1.0,19.26,3,3,2021,3,9,10
621,0,1.0,7.56,5,5,2021,3,9,10
622,0,2.0,4.3,3,3,2021,3,9,13
623,0,2.0,16.8,1,1,2021,3,9,13
624,0,1.0,85.42,5,3,2021,3,9,13
625,0,3.0,4.3,2,2,2021,3,9,16
626,0,1.0,13.5,3,3,2021,3,9,17
627,0,2.0,6.3,3,3,2021,3,9,17
628,0,1.0,12.74,5,5,2021,3,9,18
629,0,1.0,40.86,3,3,2021,3,9,18
630,0,2.0,17.55,3,3,2021,3,9,18
631,0,2.0,10.55,3,3,2021,3,9,18
632,0,1.0,8.8,1,1,2021,3,10,6
633,0,1.0,9.96,3,3,2021,3,10,7
634,0,2.0,8.3,3,3,2021,3,10,12
635,0,1.0,16.0,3,3,2021,3,10,12
636,0,1.0,11.3,1,1,2021,3,10,14
637,0,1.0,12.3,5,5,2021,3,10,16
638,0,1.0,20.8,5,5,2021,3,10,17
639,0,1.0,15.96,1,1,2021,3,10,20
640,0,5.0,22.29,2,2,2021,3,4,11
641,0,5.0,36.45,5,3,2021,3,4,12
642,0,5.0,17.27,2,2,2021,3,4,16
643,0,5.0,23.58,2,2,2021,3,4,18
644,0,5.0,21.73,5,5,2021,3,5,8
645,0,5.0,17.0,5,5,2021,3,5,8
646,0,5.0,9.3,3,3,2021,3,5,9
647,0,5.0,26.36,5,5,2021,3,5,11
648,0,5.0,23.58,2,2,2021,3,5,14
649,0,5.0,16.13,2,2,2021,3,5,15
650,0,5.0,32.5,1,5,2021,3,5,15
651,0,5.0,42.92,1,5,2021,3,7,11
652,0,5.0,22.2,5,5,2021,3,7,15
653,0,5.0,62.7,5,1,2021,3,8,6
654,0,5.0,35.18,2,3,2021,3,8,7
655,0,5.0,34.04,5,5,2021,3,8,7
656,0,5.0,35.34,5,5,2021,3,8,9
657,0,5.0,46.5,1,1,2021,3,8,10
658,0,5.0,31.27,5,5,2021,3,8,11
659,0,5.0,34.04,3,5,2021,3,8,11
660,0,5.0,32.08,3,2,2021,3,8,20
661,0,5.0,31.31,5,3,2021,3,9,8
662,0,5.0,21.57,2,2,2021,3,9,9
663,0,5.0,44.73,5,3,2021,3,9,9
664,0,5.0,35.29,2,3,2021,3,9,9
665,0,5.0,34.04,5,5,2021,3,9,9
666,0,5.0,24.29,1,1,2021,3,9,9
667,0,5.0,22.51,3,2,2021,3,9,11
668,0,5.0,37.67,3,1,2021,3,9,13
669,0,5.0,16.93,2,2,2021,3,10,8
670,0,5.0,16.39,5,5,2021,3,10,8
671,0,5.0,24.31,1,1,2021,3,10,9
672,0,5.0,19.78,5,5,2021,3,10,9
673,0,5.0,30.16,5,5,2021,3,10,10
674,0,5.0,26.48,2,2,2021,3,10,10
675,0,5.0,23.58,2,2,2021,3,10,13
676,0,5.0,43.88,1,5,2021,3,10,14
677,0,5.0,25.5,2,2,2021,3,10,14
678,0,5.0,28.41,1,1,2021,3,10,15
679,0,5.0,26.36,5,5,2021,3,10,16
680,0,5.0,21.3,2,3,2021,3,10,17
681,0,2.0,6.3,3,3,2021,8,4,8
682,0,2.0,5.3,1,1,2021,8,4,9
683,0,2.0,9.8,3,3,2021,8,4,12
684,0,1.0,16.55,3,3,2021,8,4,17
685,0,1.0,38.3,1,5,2021,8,4,17
686,0,1.0,11.15,5,5,2021,8,4,18
687,0,1.0,16.86,3,3,2021,8,4,19
688,0,1.0,12.36,3,3,2021,8,5,7
689,0,1.0,84.35,5,1,2021,8,5,8
690,0,1.0,21.84,1,5,2021,8,5,8
691,0,2.0,8.8,3,3,2021,8,5,8
692,0,1.0,58.35,3,1,2021,8,5,9
693,0,2.0,26.05,3,3,2021,8,5,10
694,0,2.0,3.8,1,1,2021,8,5,10
695,0,1.0,47.22,3,1,2021,8,5,14
696,0,1.0,6.8,3,3,2021,8,5,14
697,0,1.0,9.95,1,1,2021,8,5,15
698,0,1.0,12.36,1,1,2021,8,5,17
699,0,1.0,28.26,3,3,2021,8,5,20
700,0,2.0,22.8,3,2,2021,8,6,7
701,0,2.0,8.8,3,3,2021,8,6,9
702,0,1.0,41.45,3,3,2021,8,6,10
703,0,1.0,6.95,3,3,2021,8,6,11
704,0,2.0,9.55,3,3,2021,8,6,12
705,0,2.0,15.3,3,3,2021,8,6,12
706,0,2.0,11.3,3,2,2021,8,6,14
707,0,3.0,5.8,5,5,2021,8,6,18
708,0,2.0,11.55,3,3,2021,8,6,18
709,0,2.0,8.3,3,3,2021,8,6,19
710,0,2.0,9.8,5,5,2021,8,6,19
711,0,1.0,18.05,3,3,2021,8,6,20
712,0,2.0,42.85,3,1,2021,8,7,9
713,0,2.0,5.3,3,3,2021,8,7,10
714,0,1.0,20.05,5,3,2021,8,7,11
715,0,1.0,70.62,3,1,2021,8,7,12
716,0,1.0,24.05,5,3,2021,8,7,12
717,0,1.0,18.27,3,3,2021,8,7,14
718,0,2.0,18.3,5,5,2021,8,7,15
719,0,1.0,5.8,3,3,2021,8,7,16
720,0,1.0,19.86,3,3,2021,8,7,16
721,0,2.0,19.05,3,3,2021,8,7,19
722,0,2.0,23.8,3,3,2021,8,8,9
723,0,1.0,96.05,6,2,2021,8,8,14
724,0,1.0,7.3,3,3,2021,8,8,16
725,0,1.0,19.86,3,3,2021,8,8,18
726,0,1.0,21.36,2,2,2021,8,8,19
727,0,1.0,16.26,3,3,2021,8,8,19
728,0,1.0,50.05,5,3,2021,8,8,19
729,0,2.0,5.3,3,3,2021,8,9,8
730,0,2.0,12.0,1,1,2021,8,9,10
731,0,2.0,13.8,1,1,2021,8,9,10
732,0,1.0,44.46,3,3,2021,8,9,10
733,0,1.0,17.55,3,3,2021,8,9,11
734,0,2.0,11.8,3,2,2021,8,9,11
735,0,1.0,27.56,3,3,2021,8,9,11
736,0,2.0,9.3,3,3,2021,8,9,13
737,0,2.0,16.3,3,3,2021,8,9,13
738,0,1.0,12.36,3,3,2021,8,9,18
739,0,1.0,9.3,3,3,2021,8,9,19
740,0,2.0,13.3,2,3,2021,8,9,19
741,0,1.0,13.55,3,3,2021,8,9,20
742,0,1.0,5.76,3,3,2021,8,10,7
743,0,1.0,12.35,3,3,2021,8,10,8
744,0,2.0,6.8,3,3,2021,8,10,11
745,0,1.0,30.85,2,3,2021,8,10,16
746,0,1.0,20.46,3,3,2021,8,10,18
747,0,5.0,16.5,3,3,2021,8,4,9
748,0,5.0,28.26,1,1,2021,8,4,10
749,0,5.0,32.5,2,2,2021,8,4,12
750,0,5.0,22.0,5,5,2021,8,4,12
751,0,5.0,13.5,2,2,2021,8,4,12
752,0,5.0,18.52,3,3,2021,8,4,15
753,0,5.0,13.95,1,1,2021,8,4,19
754,0,5.0,29.0,5,3,2021,8,5,10
755,0,5.0,49.29,5,3,2021,8,5,11
756,0,5.0,23.39,3,2,2021,8,5,12
757,0,5.0,25.5,5,5,2021,8,6,13
758,0,5.0,32.55,1,1,2021,8,6,16
759,0,5.0,19.78,5,5,2021,8,7,6
760,0,5.0,24.62,1,1,2021,8,7,7
761,0,5.0,21.64,2,2,2021,8,7,8
762,0,5.0,43.0,5,1,2021,8,7,11
763,0,5.0,61.08,5,1,2021,8,7,13
764,0,5.0,39.21,5,5,2021,8,7,14
765,0,5.0,19.78,5,5,2021,8,7,14
766,0,5.0,41.22,5,3,2021,8,8,15
767,0,5.0,33.46,3,3,2021,8,8,20
768,0,5.0,27.13,5,5,2021,8,9,8
769,0,5.0,25.84,2,2,2021,8,9,8
770,0,5.0,26.36,5,5,2021,8,9,8
771,0,5.0,23.61,3,3,2021,8,9,8
772,0,5.0,16.5,3,3,2021,8,9,9
773,0,5.0,57.58,1,3,2021,8,9,11
774,0,5.0,44.14,5,3,2021,8,9,11
775,0,5.0,96.0,5,2,2021,8,9,14
776,0,5.0,32.5,2,2,2021,8,10,10
777,0,5.0,25.63,3,1,2021,8,10,11
778,0,5.0,16.5,3,3,2021,8,10,12
779,0,5.0,61.08,5,1,2021,8,10,12
780,0,5.0,40.65,1,3,2021,8,10,14
781,0,5.0,23.7,3,3,2021,8,10,15
782,0,1.0,24.66,3,3,2021,12,19,11
783,0,1.0,17.56,3,3,2021,12,19,11
784,0,2.0,7.3,3,3,2021,12,19,16
785,0,1.0,17.55,3,3,2021,12,19,17
786,0,2.0,13.8,3,3,2021,12,19,19
787,0,1.0,16.31,3,3,2021,12,19,19
788,0,2.0,11.8,2,2,2021,12,20,7
789,0,1.0,16.0,3,3,2021,12,20,7
790,0,1.0,15.34,1,1,2021,12,20,7
791,0,1.0,28.25,3,3,2021,12,20,8
792,0,1.0,19.26,3,3,2021,12,20,10
793,0,2.0,4.8,3,3,2021,12,20,13
794,0,2.0,5.3,3,3,2021,12,20,13
795,0,1.0,28.25,3,3,2021,12,20,15
796,0,2.0,6.8,1,1,2021,12,20,17
797,0,2.0,15.3,4,4,2021,12,20,18
798,0,1.0,14.15,3,3,2021,12,20,18
799,0,1.0,9.12,1,1,2021,12,20,19
800,0,2.0,6.8,3,3,2021,12,20,19
801,0,2.0,10.3,1,1,2021,12,20,20
802,0,1.0,11.3,1,1,2021,12,21,8
803,0,1.0,7.56,3,3,2021,12,21,10
804,0,1.0,7.56,3,3,2021,12,21,11
805,0,2.0,22.8,5,5,2021,12,21,11
806,0,2.0,9.8,1,1,2021,12,21,11
807,0,1.0,19.56,5,5,2021,12,21,12
808,0,2.0,14.3,1,1,2021,12,21,13
809,0,2.0,11.05,3,3,2021,12,21,14
810,0,2.0,12.55,3,3,2021,12,21,14
811,0,1.0,13.56,5,5,2021,12,21,15
812,0,2.0,9.8,3,3,2021,12,21,15
813,0,1.0,17.6,1,1,2021,12,21,16
814,0,2.0,11.3,3,3,2021,12,21,16
815,0,1.0,10.56,3,3,2021,12,21,17
816,0,1.0,9.3,3,3,2021,12,21,16
817,0,2.0,21.55,3,3,2021,12,21,19
818,0,1.0,36.55,1,3,2021,12,22,9
819,0,1.0,47.55,5,3,2021,12,22,11
820,0,1.0,5.8,3,3,2021,12,22,12
821,0,2.0,10.8,1,1,2021,12,22,12
822,0,2.0,27.8,5,5,2021,12,22,13
823,0,2.0,7.3,3,3,2021,12,22,13
824,0,2.0,17.3,1,1,2021,12,22,14
825,0,2.0,17.8,1,1,2021,12,22,15
826,0,1.0,12.05,3,3,2021,12,22,16
827,0,2.0,8.8,3,3,2021,12,22,16
828,0,2.0,6.8,1,1,2021,12,22,16
829,0,4.0,21.8,1,1,2021,12,22,16
830,0,1.0,14.8,5,5,2021,12,22,16
831,0,1.0,12.74,3,3,2021,12,22,17
832,0,1.0,29.3,2,3,2021,12,22,17
833,0,2.0,10.8,1,1,2021,12,23,7
834,0,2.0,50.3,6,1,2021,12,23,7
835,0,1.0,4.3,3,3,2021,12,23,8
836,0,1.0,10.38,3,3,2021,12,23,11
837,0,1.0,27.96,3,3,2021,12,23,13
838,0,2.0,11.3,5,5,2021,12,23,16
839,0,1.0,14.3,3,3,2021,12,23,18
840,0,1.0,26.8,3,3,2021,12,24,8
841,0,2.0,14.05,3,3,2021,12,24,9
842,0,1.0,11.77,3,3,2021,12,24,11
843,0,2.0,12.8,1,1,2021,12,24,11
844,0,1.0,13.56,1,1,2021,12,24,12
845,0,1.0,11.8,3,3,2021,12,24,14
846,0,2.0,5.3,3,3,2021,12,24,16
847,0,4.0,8.8,3,3,2021,12,24,18
848,0,1.0,12.66,3,3,2021,12,24,18
849,0,2.0,25.8,1,1,2021,12,26,10
850,0,1.0,42.3,5,2,2021,12,26,13
851,0,2.0,15.55,3,3,2021,12,26,14
852,0,2.0,9.3,3,3,2021,12,26,15
853,0,1.0,9.49,3,3,2021,12,26,15
854,0,1.0,11.16,1,1,2021,12,26,18
855,0,2.0,9.3,3,3,2021,12,26,20
856,0,5.0,25.54,2,2,2021,12,19,8
857,0,5.0,24.69,5,5,2021,12,19,8
858,0,5.0,80.36,2,5,2021,12,20,9
859,0,5.0,29.85,1,1,2021,12,20,11
860,0,5.0,20.99,5,5,2021,12,20,13
861,0,5.0,30.11,1,1,2021,12,20,13
862,0,5.0,67.59,5,2,2021,12,20,14
863,0,5.0,78.48,5,3,2021,12,20,14
864,0,5.0,50.59,3,1,2021,12,21,6
865,0,5.0,15.87,5,5,2021,12,21,10
866,0,5.0,23.75,3,3,2021,12,22,8
867,0,5.0,26.41,3,3,2021,12,22,9
868,0,5.0,38.02,5,3,2021,12,22,11
869,0,5.0,22.2,5,5,2021,12,22,12
870,0,5.0,92.59,3,1,2021,12,22,14
871,0,5.0,39.5,2,2,2021,12,23,9
872,0,5.0,51.16,1,5,2021,12,23,10
873,0,5.0,75.53,3,1,2021,12,23,10
874,0,5.0,25.5,5,5,2021,12,23,12
875,0,5.0,31.95,3,2,2021,12,23,14
876,0,5.0,48.11,1,1,2021,12,23,15
877,0,5.0,34.36,2,2,2021,12,24,9
878,0,5.0,42.75,3,2,2021,12,24,11
879,0,5.0,46.75,1,2,2021,12,24,13
880,0,5.0,18.5,5,5,2021,12,24,19
881,0,5.0,51.16,5,1,2021,12,25,14
882,0,5.0,49.57,5,3,2021,12,25,15
883,0,5.0,45.02,5,3,2021,12,26,7
884,0,5.0,21.64,2,2,2021,12,26,8
885,0,5.0,27.68,2,2,2021,12,26,14
886,0,1.0,11.8,3,3,2022,3,4,8
887,0,2.0,3.3,1,1,2022,3,4,9
888,0,2.0,13.3,1,1,2022,3,4,12
889,0,1.0,20.3,1,1,2022,3,4,15
890,0,1.0,26.3,3,2,2022,3,4,15
891,0,1.0,14.45,3,3,2022,3,4,16
892,0,1.0,8.8,3,3,2022,3,4,16
893,0,1.0,12.36,3,3,2022,3,4,17
894,0,2.0,11.8,1,1,2022,3,4,18
895,0,1.0,42.72,1,3,2022,3,4,18
896,0,1.0,14.76,5,5,2022,3,4,18
897,0,1.0,21.96,5,5,2022,3,4,18
898,0,1.0,11.8,3,2,2022,3,4,19
899,0,1.0,10.3,3,3,2022,3,4,19
900,0,2.0,8.3,3,2,2022,3,5,7
901,0,1.0,13.26,3,3,2022,3,5,10
902,0,1.0,13.28,3,3,2022,3,5,11
903,0,2.0,54.3,1,1,2022,3,5,12
904,0,1.0,37.55,3,3,2022,3,5,12
905,0,2.0,14.8,1,1,2022,3,5,12
906,0,2.0,8.3,3,3,2022,3,5,14
907,0,1.0,12.55,3,3,2022,3,5,16
908,0,1.0,4.29,3,3,2022,3,5,17
909,0,1.0,8.8,5,5,2022,3,5,18
910,0,2.0,9.8,3,3,2022,3,5,19
911,0,1.0,25.06,3,3,2022,3,5,20
912,0,1.0,30.06,1,3,2022,3,6,7
913,0,1.0,11.9,3,3,2022,3,6,8
914,0,1.0,46.86,3,5,2022,3,6,10
915,0,2.0,14.8,5,5,2022,3,6,14
916,0,1.0,10.56,3,3,2022,3,6,14
917,0,1.0,10.56,3,3,2022,3,6,15
918,0,1.0,20.55,3,3,2022,3,6,15
919,0,1.0,18.96,3,3,2022,3,6,16
920,0,1.0,18.55,3,3,2022,3,6,18
921,0,1.0,9.96,3,3,2022,3,6,19
922,0,2.0,15.3,2,2,2022,3,6,19
923,0,2.0,5.3,3,3,2022,3,7,6
924,0,1.0,17.3,1,1,2022,3,7,6
925,0,1.0,14.23,3,3,2022,3,7,8
926,0,2.0,5.3,3,3,2022,3,7,8
927,0,1.0,13.8,1,1,2022,3,7,9
928,0,1.0,40.56,5,1,2022,3,7,10
929,0,1.0,8.84,5,5,2022,3,7,13
930,0,2.0,22.3,5,5,2022,3,7,14
931,0,2.0,17.05,3,3,2022,3,7,14
932,0,2.0,19.8,3,3,2022,3,7,16
933,0,2.0,26.3,1,1,2022,3,7,16
934,0,1.0,17.16,3,3,2022,3,7,17
935,0,1.0,15.66,3,3,2022,3,7,18
936,0,2.0,5.8,1,1,2022,3,7,19
937,0,2.0,65.3,1,1,2022,3,7,19
938,0,1.0,23.14,3,3,2022,3,7,19
939,0,1.0,10.3,3,3,2022,3,8,7
940,0,1.0,22.85,3,3,2022,3,8,8
941,0,1.0,20.46,3,3,2022,3,8,8
942,0,1.0,8.8,3,3,2022,3,8,8
943,0,1.0,23.46,3,3,2022,3,8,9
944,0,2.0,10.8,3,3,2022,3,8,9
945,0,2.0,4.3,3,3,2022,3,8,9
946,0,2.0,23.55,3,3,2022,3,8,10
947,0,2.0,14.8,3,3,2022,3,8,11
948,0,1.0,21.66,3,3,2022,3,8,14
949,0,1.0,9.3,3,3,2022,3,8,14
950,0,2.0,3.3,3,3,2022,3,8,15
951,0,1.0,26.94,3,3,2022,3,8,15
952,0,2.0,6.8,3,3,2022,3,8,16
953,0,1.0,20.76,5,5,2022,3,8,17
954,0,1.0,32.26,1,3,2022,3,8,19
955,0,2.0,9.8,3,3,2022,3,9,9
956,0,1.0,60.55,5,3,2022,3,9,11
957,0,1.0,7.81,1,1,2022,3,9,12
958,0,1.0,9.96,3,3,2022,3,9,14
959,0,1.0,14.43,3,3,2022,3,9,15
960,0,1.0,7.88,3,3,2022,3,9,16
961,0,2.0,6.8,2,3,2022,3,9,16
962,0,2.0,24.8,1,1,2022,3,9,16
963,0,1.0,19.56,5,5,2022,3,9,18
964,0,1.0,17.76,1,1,2022,3,9,20
965,0,2.0,9.8,1,1,2022,3,10,7
966,0,1.0,34.05,5,3,2022,3,10,9
967,0,1.0,26.55,3,3,2022,3,10,9
968,0,1.0,12.66,3,3,2022,3,10,9
969,0,2.0,10.3,3,3,2022,3,10,16
970,0,1.0,17.05,3,3,2022,3,10,18
971,0,2.0,9.8,1,1,2022,3,10,17
972,0,1.0,11.3,3,3,2022,3,10,19
973,0,1.0,21.66,1,3,2022,3,10,19
974,0,1.0,11.44,1,1,2022,3,10,19
975,0,5.0,23.09,1,1,2022,3,4,14
976,0,5.0,18.43,5,5,2022,3,5,11
977,0,5.0,21.3,5,1,2022,3,5,17
978,0,5.0,19.25,3,3,2022,3,5,19
979,0,5.0,12.1,1,1,2022,3,6,12
980,0,5.0,16.87,5,5,2022,3,9,15
981,0,5.0,24.23,5,5,2022,3,10,12
982,0,5.0,18.12,3,2,2022,3,10,19
983,0,1.0,15.34,3,3,2022,8,4,9
984,0,1.0,20.15,5,5,2022,8,4,9
985,0,3.0,6.3,3,3,2022,8,4,13
986,0,1.0,12.88,3,3,2022,8,4,16
987,0,1.0,21.19,1,1,2022,8,4,16
988,0,2.0,22.8,3,2,2022,8,4,15
989,0,2.0,12.3,1,1,2022,8,4,18
990,0,2.0,9.3,3,3,2022,8,4,18
991,0,1.0,19.24,1,1,2022,8,4,18
992,0,1.0,16.94,3,3,2022,8,4,18
993,0,2.0,7.3,3,3,2022,8,4,19
994,0,1.0,16.86,3,3,2022,8,4,19
995,0,1.0,11.4,5,5,2022,8,4,19
996,0,1.0,32.0,3,1,2022,8,4,20
997,0,1.0,71.22,3,1,2022,8,5,6
998,0,2.0,11.3,5,5,2022,8,5,8
999,0,1.0,27.66,3,3,2022,8,5,7
1000,0,1.0,22.05,3,3,2022,8,5,9
1001,0,2.0,4.3,1,1,2022,8,5,11
1002,0,2.0,9.3,3,3,2022,8,5,11
1003,0,1.0,18.0,2,2,2022,8,5,12
1004,0,1.0,19.03,3,3,2022,8,5,13
1005,0,1.0,8.16,1,1,2022,8,5,13
1006,0,1.0,18.96,5,5,2022,8,5,15
1007,0,2.0,15.8,1,1,2022,8,5,15
1008,0,2.0,5.3,1,1,2022,8,5,17
1009,0,2.0,8.8,5,5,2022,8,5,18
1010,0,2.0,42.8,1,1,2022,8,5,19
1011,0,2.0,15.55,3,3,2022,8,5,19
1012,0,1.0,8.8,1,1,2022,8,5,19
1013,0,1.0,9.95,3,3,2022,8,6,7
1014,0,2.0,23.8,3,3,2022,8,6,9
1015,0,2.0,26.55,3,3,2022,8,6,9
1016,0,2.0,21.3,1,1,2022,8,6,11
1017,0,1.0,6.3,5,5,2022,8,6,16
1018,0,1.0,17.56,3,3,2022,8,6,15
1019,0,1.0,36.0,2,2,2022,8,6,17
1020,0,1.0,24.36,3,3,2022,8,6,17
1021,0,1.0,6.0,3,3,2022,8,6,18
1022,0,2.0,10.8,1,1,2022,8,6,20
1023,0,2.0,7.3,3,3,2022,8,7,8
1024,0,2.0,7.3,3,3,2022,8,7,9
1025,0,2.0,9.8,3,3,2022,8,7,10
1026,0,1.0,70.3,5,1,2022,8,7,10
1027,0,1.0,19.0,2,3,2022,8,7,10
1028,0,2.0,37.85,1,3,2022,8,7,12
1029,0,1.0,25.55,3,3,2022,8,7,12
1030,0,1.0,14.15,3,3,2022,8,7,13
1031,0,1.0,25.0,5,5,2022,8,7,14
1032,0,2.0,11.55,3,3,2022,8,7,15
1033,0,1.0,67.35,3,1,2022,8,7,15
1034,0,1.0,16.0,5,5,2022,8,7,20
1035,0,1.0,46.3,1,5,2022,8,7,20
1036,0,1.0,7.56,3,3,2022,8,8,8
1037,0,1.0,11.3,3,3,2022,8,8,8
1038,0,2.0,14.3,3,3,2022,8,8,10
1039,0,2.0,11.8,3,3,2022,8,8,11
1040,0,1.0,15.66,3,3,2022,8,8,11
1041,0,1.0,11.0,3,3,2022,8,8,12
1042,0,1.0,6.95,3,3,2022,8,8,12
1043,0,2.0,6.8,3,3,2022,8,8,12
1044,0,2.0,27.3,1,5,2022,8,8,13
1045,0,1.0,10.3,1,1,2022,8,8,15
1046,0,1.0,9.96,1,1,2022,8,8,16
1047,0,1.0,16.86,3,3,2022,8,8,16
1048,0,1.0,26.46,3,3,2022,8,8,16
1049,0,1.0,26.46,3,3,2022,8,8,17
1050,0,1.0,30.06,3,3,2022,8,8,17
1051,0,2.0,20.55,3,3,2022,8,8,17
1052,0,1.0,30.35,1,1,2022,8,8,18
1053,0,1.0,9.75,3,3,2022,8,8,17
1054,0,1.0,11.05,3,3,2022,8,8,20
1055,0,1.0,17.46,3,3,2022,8,9,9
1056,0,1.0,40.06,5,3,2022,8,9,9
1057,0,1.0,16.85,3,3,2022,8,9,10
1058,0,2.0,7.3,1,1,2022,8,9,10
1059,0,1.0,8.5,3,3,2022,8,9,12
1060,0,1.0,33.35,3,1,2022,8,9,13
1061,0,2.0,5.3,3,3,2022,8,9,16
1062,0,2.0,8.3,3,3,2022,8,10,7
1063,0,1.0,24.66,3,3,2022,8,10,8
1064,0,1.0,38.22,3,1,2022,8,10,9
1065,0,1.0,16.0,2,2,2022,8,10,10
1066,0,2.0,11.8,1,1,2022,8,10,13
1067,0,1.0,45.06,3,3,2022,8,10,13
1068,0,1.0,17.88,1,6,2022,8,10,13
1069,0,1.0,47.55,2,3,2022,8,10,15
1070,0,1.0,20.46,3,3,2022,8,10,15
1071,0,2.0,7.8,5,5,2022,8,10,15
1072,0,2.0,14.8,3,3,2022,8,10,16
1073,0,1.0,13.8,1,1,2022,8,10,18
1074,0,2.0,10.3,1,1,2022,8,10,20
1075,0,5.0,31.62,3,3,2022,8,4,7
1076,0,5.0,81.42,3,1,2022,8,5,7
1077,0,5.0,21.8,5,3,2022,8,5,10
1078,0,5.0,12.57,5,5,2022,8,5,15
1079,0,5.0,56.51,3,1,2022,8,6,12
1080,0,5.0,35.34,5,3,2022,8,10,9
1081,0,1.0,21.06,3,3,2022,12,19,8
1082,0,2.0,15.65,3,3,2022,12,19,9
1083,0,1.0,24.86,3,3,2022,12,19,12
1084,0,2.0,14.8,3,2,2022,12,19,15
1085,0,1.0,49.95,3,3,2022,12,19,15
1086,0,1.0,8.76,3,3,2022,12,19,16
1087,0,1.0,31.5,3,3,2022,12,19,16
1088,0,1.0,23.29,3,3,2022,12,19,17
1089,0,2.0,15.4,3,3,2022,12,19,18
1090,0,2.0,31.0,1,1,2022,12,19,18
1091,0,1.0,17.4,1,1,2022,12,19,18
1092,0,1.0,27.72,1,1,2022,12,19,18
1093,0,1.0,20.1,3,3,2022,12,19,19
1094,0,2.0,9.0,3,3,2022,12,19,20
1095,0,1.0,17.19,3,3,2022,12,20,8
1096,0,1.0,22.0,1,1,2022,12,20,9
1097,0,1.0,13.8,3,3,2022,12,20,9
1098,0,1.0,21.3,3,3,2022,12,20,11
1099,0,2.0,11.5,1,1,2022,12,20,13
1100,0,1.0,14.95,3,3,2022,12,20,14
1101,0,1.0,0.0,1,1,2022,12,20,14
1102,0,1.0,16.3,3,3,2022,12,20,15
1103,0,2.0,14.7,1,1,2022,12,20,16
1104,0,1.0,16.4,5,5,2022,12,20,16
1105,0,2.0,29.35,3,3,2022,12,20,16
1106,0,2.0,25.9,1,1,2022,12,20,17
1107,0,2.0,21.7,1,1,2022,12,20,19
1108,0,1.0,20.52,3,3,2022,12,20,20
1109,0,1.0,14.31,5,5,2022,12,20,20
1110,0,1.0,23.5,3,2,2022,12,20,20
1111,0,2.0,4.5,5,5,2022,12,21,7
1112,0,2.0,10.8,3,3,2022,12,21,9
1113,0,1.0,22.15,3,3,2022,12,21,10
1114,0,2.0,17.75,3,3,2022,12,21,10
1115,0,2.0,10.1,3,3,2022,12,21,10
1116,0,2.0,12.9,3,3,2022,12,21,11
1117,0,2.0,8.7,1,1,2022,12,21,12
1118,0,1.0,7.92,1,1,2022,12,21,12
1119,0,2.0,10.1,1,1,2022,12,21,13
1120,0,1.0,8.16,3,3,2022,12,21,13
1121,0,1.0,33.05,3,3,2022,12,21,15
1122,0,2.0,34.25,3,3,2022,12,21,16
1123,0,1.0,13.3,1,1,2022,12,21,18
1124,0,2.0,20.3,1,1,2022,12,21,19
1125,0,1.0,42.78,3,3,2022,12,21,19
1126,0,1.0,48.54,3,3,2022,12,21,20
1127,0,2.0,11.1,1,1,2022,12,21,20
1128,0,1.0,18.36,3,3,2022,12,21,20
1129,0,2.0,17.05,3,3,2022,12,22,8
1130,0,2.0,84.3,5,5,2022,12,22,10
1131,0,1.0,12.62,3,3,2022,12,22,10
1132,0,1.0,39.71,3,3,2022,12,22,10
1133,0,1.0,45.66,1,3,2022,12,22,10
1134,0,2.0,8.7,3,3,2022,12,22,10
1135,0,2.0,9.4,1,1,2022,12,22,10
1136,0,2.0,125.15,3,5,2022,12,22,12
1137,0,2.0,10.1,3,3,2022,12,22,12
1138,0,2.0,14.3,1,1,2022,12,22,15
1139,0,2.0,10.1,1,1,2022,12,22,15
1140,0,1.0,15.35,3,3,2022,12,22,16
1141,0,2.0,24.0,3,2,2022,12,22,16
1142,0,1.0,17.5,3,3,2022,12,22,17
1143,0,2.0,13.3,3,3,2022,12,22,17
1144,0,2.0,39.2,5,5,2022,12,22,19
1145,0,1.0,10.79,3,3,2022,12,23,10
1146,0,1.0,15.0,2,2,2022,12,23,12
1147,0,2.0,47.9,1,5,2022,12,23,15
1148,0,2.0,13.3,3,3,2022,12,23,16
1149,0,1.0,23.81,3,3,2022,12,23,16
1150,0,1.0,34.38,5,3,2022,12,23,17
1151,0,2.0,16.8,1,1,2022,12,23,17
1152,0,2.0,20.3,5,5,2022,12,23,18
1153,0,2.0,11.9,1,1,2022,12,23,19
1154,0,2.0,16.4,3,3,2022,12,24,8
1155,0,1.0,29.7,5,3,2022,12,24,10
1156,0,1.0,19.62,3,3,2022,12,24,11
1157,0,2.0,8.8,3,3,2022,12,24,20
1158,0,1.0,17.1,3,3,2022,12,25,12
1159,0,2.0,6.5,3,3,2022,12,25,15
1160,0,1.0,15.5,3,3,2022,12,25,16
1161,0,1.0,19.4,3,3,2022,12,25,16
1162,0,3.0,0.0,3,3,2022,12,25,19
1163,0,1.0,10.81,3,3,2022,12,26,8
1164,0,1.0,37.06,3,3,2022,12,26,10
1165,0,1.0,28.31,5,3,2022,12,26,10
1166,0,2.0,26.9,1,1,2022,12,26,17
1167,0,1.0,30.54,3,3,2022,12,26,18
1168,0,2.0,12.9,2,2,2022,12,26,19
1169,0,1.0,30.12,5,5,2022,12,26,20
1170,0,2.0,23.0,1,1,2022,12,26,20
1171,0,1.0,27.54,3,3,2022,12,26,20
1172,0,1.0,10.8,3,3,2022,12,26,20
1173,0,5.0,40.49,5,1,2022,12,20,6
1174,0,5.0,48.19,3,1,2022,12,20,7
1175,0,5.0,82.58,1,5,2022,12,21,8
1176,0,5.0,16.8,5,5,2022,12,24,13
1177,0,5.0,37.29,5,3,2022,12,24,19
1178,0,5.0,19.14,1,3,2022,12,25,17
1179,0,5.0,23.4,3,3,2022,12,26,11
1180,1,1.0,32.76,3,3,2019,3,4,11
1181,1,2.0,7.8,3,3,2019,3,4,12
1182,1,1.0,12.35,3,3,2019,3,4,13
1183,1,2.0,10.8,3,3,2019,3,4,13
1184,1,1.0,17.16,3,3,2019,3,4,8
1185,1,1.0,15.8,3,3,2019,3,4,16
1186,1,1.0,11.75,3,3,2019,3,4,17
1187,1,1.0,17.5,3,3,2019,3,4,17
1188,1,2.0,4.3,6,6,2019,3,4,17
1189,1,1.0,12.96,3,3,2019,3,4,17
1190,1,2.0,9.3,3,3,2019,3,4,18
1191,1,2.0,14.3,3,3,2019,3,4,19
1192,1,1.0,21.36,3,3,2019,3,4,20
1193,1,1.0,21.0,3,3,2019,3,5,10
1194,1,1.0,56.3,3,5,2019,3,5,12
1195,1,1.0,47.06,3,5,2019,3,5,12
1196,1,1.0,14.3,3,3,2019,3,5,14
1197,1,2.0,12.8,3,3,2019,3,5,18
1198,1,1.0,10.3,3,3,2019,3,5,20
1199,1,1.0,11.63,3,3,2019,3,5,20
1200,1,1.0,51.3,3,1,2019,3,5,20
1201,1,2.0,16.3,3,3,2019,3,6,9
1202,1,1.0,10.12,3,3,2019,3,6,10
1203,1,2.0,50.56,1,3,2019,3,6,10
1204,1,1.0,20.76,3,3,2019,3,6,10
1205,1,1.0,14.76,3,3,2019,3,6,10
1206,1,1.0,13.55,3,3,2019,3,6,10
1207,1,1.0,13.56,3,3,2019,3,6,11
1208,1,1.0,10.56,3,3,2019,3,6,11
1209,1,2.0,11.8,3,3,2019,3,6,12
1210,1,2.0,13.3,3,3,2019,3,6,12
1211,1,1.0,9.96,3,3,2019,3,6,12
1212,1,1.0,11.3,3,3,2019,3,6,12
1213,1,1.0,17.75,3,3,2019,3,6,13
1214,1,1.0,10.8,3,3,2019,3,6,13
1215,1,1.0,8.16,5,5,2019,3,6,13
1216,1,1.0,13.56,3,3,2019,3,6,14
1217,1,1.0,7.3,3,3,2019,3,6,15
1218,1,1.0,9.35,3,3,2019,3,6,15
1219,1,1.0,17.16,3,3,2019,3,6,15
1220,1,1.0,33.35,3,3,2019,3,6,16
1221,1,1.0,16.55,3,3,2019,3,6,18
1222,1,1.0,14.75,3,3,2019,3,6,19
1223,1,1.0,14.16,3,3,2019,3,6,20
1224,1,1.0,11.88,3,3,2019,3,7,6
1225,1,3.0,6.3,3,3,2019,3,7,6
1226,1,1.0,15.35,3,3,2019,3,7,8
1227,1,1.0,16.8,3,3,2019,3,7,9
1228,1,1.0,16.3,3,3,2019,3,7,10
1229,1,1.0,8.76,3,3,2019,3,7,11
1230,1,1.0,16.8,3,3,2019,3,7,13
1231,1,1.0,61.06,3,1,2019,3,7,13
1232,1,1.0,21.96,3,3,2019,3,7,13
1233,1,1.0,8.76,3,3,2019,3,7,14
1234,1,2.0,16.3,3,3,2019,3,7,14
1235,1,1.0,19.8,3,3,2019,3,7,14
1236,1,1.0,18.8,3,3,2019,3,7,15
1237,1,1.0,12.95,3,3,2019,3,7,16
1238,1,1.0,22.56,3,3,2019,3,7,16
1239,1,1.0,9.96,3,3,2019,3,7,17
1240,1,1.0,71.76,3,1,2019,3,7,17
1241,1,1.0,12.35,3,3,2019,3,7,18
1242,1,1.0,15.3,3,3,2019,3,7,19
1243,1,2.0,25.8,3,3,2019,3,7,19
1244,1,2.0,24.3,3,3,2019,3,7,19
1245,1,1.0,25.56,3,3,2019,3,7,19
1246,1,1.0,11.15,3,3,2019,3,7,20
1247,1,1.0,17.75,3,3,2019,3,8,7
1248,1,2.0,11.3,3,3,2019,3,8,9
1249,1,1.0,9.75,3,3,2019,3,8,10
1250,1,1.0,14.3,3,3,2019,3,8,10
1251,1,1.0,14.8,3,3,2019,3,8,11
1252,1,2.0,11.3,3,3,2019,3,8,11
1253,1,2.0,15.3,3,3,2019,3,8,11
1254,1,1.0,59.76,5,1,2019,3,8,11
1255,1,1.0,24.75,3,3,2019,3,8,13
1256,1,1.0,20.16,3,1,2019,3,8,14
1257,1,1.0,20.75,3,3,2019,3,8,15
1258,1,2.0,11.8,3,3,2019,3,8,15
1259,1,2.0,22.8,3,3,2019,3,8,17
1260,1,1.0,26.16,3,3,2019,3,8,17
1261,1,2.0,8.8,3,3,2019,3,8,18
1262,1,1.0,19.12,3,3,2019,3,8,19
1263,1,1.0,13.3,3,3,2019,3,8,20
1264,1,1.0,11.4,3,3,2019,3,9,10
1265,1,1.0,8.76,3,3,2019,3,9,11
1266,1,2.0,10.3,3,3,2019,3,9,12
1267,1,2.0,10.3,3,3,2019,3,9,12
1268,1,2.0,26.3,3,5,2019,3,9,12
1269,1,1.0,10.8,3,3,2019,3,9,12
1270,1,1.0,16.55,3,3,2019,3,9,15
1271,1,1.0,14.76,3,3,2019,3,9,16
1272,1,1.0,8.75,3,3,2019,3,9,16
1273,1,1.0,21.8,3,3,2019,3,9,17
1274,1,1.0,15.0,1,1,2019,3,9,17
1275,1,2.0,11.3,3,3,2019,3,9,17
1276,1,1.0,18.36,3,3,2019,3,9,19
1277,1,1.0,11.15,3,3,2019,3,9,19
1278,1,1.0,10.12,3,3,2019,3,9,18
1279,1,2.0,9.3,6,3,2019,3,9,19
1280,1,2.0,7.3,3,3,2019,3,9,20
1281,1,1.0,11.15,3,3,2019,3,10,10
1282,1,1.0,45.67,3,1,2019,3,10,10
1283,1,1.0,9.8,3,3,2019,3,10,13
1284,1,1.0,17.16,3,3,2019,3,10,13
1285,1,1.0,19.56,3,3,2019,3,10,15
1286,1,1.0,6.85,5,5,2019,3,10,17
1287,1,1.0,13.53,3,3,2019,3,10,17
1288,1,1.0,12.96,3,3,2019,3,10,17
1289,1,3.0,6.8,3,3,2019,8,4,14
1290,1,1.0,15.3,3,3,2019,8,4,14
1291,1,2.0,10.3,3,3,2019,8,4,15
1292,1,1.0,21.95,3,3,2019,8,4,15
1293,1,1.0,15.36,3,3,2019,8,4,15
1294,1,1.0,15.36,3,3,2019,8,4,16
1295,1,1.0,20.75,3,3,2019,8,4,16
1296,1,1.0,17.88,3,3,2019,8,4,16
1297,1,1.0,12.1,3,3,2019,8,4,19
1298,1,1.0,71.42,1,3,2019,8,4,20
1299,1,1.0,73.7,1,3,2019,8,4,20
1300,1,2.0,10.3,3,3,2019,8,5,7
1301,1,1.0,71.42,1,3,2019,8,5,7
1302,1,2.0,20.8,1,1,2019,8,5,7
1303,1,2.0,61.42,1,3,2019,8,5,8
1304,1,2.0,10.3,3,3,2019,8,5,9
1305,1,1.0,18.35,3,3,2019,8,5,9
1306,1,1.0,11.8,3,3,2019,8,5,9
1307,1,2.0,12.3,3,3,2019,8,5,11
1308,1,1.0,73.67,1,3,2019,8,5,15
1309,1,1.0,26.16,5,3,2019,8,5,17
1310,1,1.0,9.36,3,3,2019,8,5,18
1311,1,1.0,51.5,3,1,2019,8,5,19
1312,1,1.0,15.38,3,3,2019,8,5,19
1313,1,1.0,12.35,3,3,2019,8,6,7
1314,1,1.0,20.15,3,3,2019,8,6,13
1315,1,2.0,10.3,3,3,2019,8,6,16
1316,1,1.0,17.76,3,3,2019,8,6,15
1317,1,1.0,18.8,3,3,2019,8,6,16
1318,1,1.0,10.3,3,3,2019,8,6,16
1319,1,1.0,15.36,3,3,2019,8,6,19
1320,1,1.0,9.3,3,3,2019,8,6,20
1321,1,1.0,30.3,3,3,2019,8,6,20
1322,1,1.0,6.3,5,5,2019,8,6,20
1323,1,1.0,9.3,3,3,2019,8,7,6
1324,1,1.0,15.96,3,3,2019,8,7,6
1325,1,2.0,22.8,3,3,2019,8,7,8
1326,1,1.0,15.96,3,3,2019,8,7,8
1327,1,1.0,26.75,3,3,2019,8,7,8
1328,1,1.0,13.0,3,3,2019,8,7,9
1329,1,1.0,12.96,3,3,2019,8,7,9
1330,1,2.0,10.8,3,3,2019,8,7,9
1331,1,1.0,25.56,3,3,2019,8,7,10
1332,1,2.0,12.8,3,3,2019,8,7,10
1333,1,2.0,55.3,3,1,2019,8,7,10
1334,1,1.0,14.3,3,3,2019,8,7,11
1335,1,1.0,24.96,3,3,2019,8,7,12
1336,1,1.0,11.16,3,3,2019,8,7,12
1337,1,2.0,30.8,1,1,2019,8,7,13
1338,1,1.0,53.65,3,1,2019,8,7,13
1339,1,1.0,14.16,3,3,2019,8,7,14
1340,1,1.0,16.0,3,3,2019,8,7,15
1341,1,1.0,22.8,3,3,2019,8,7,18
1342,1,1.0,27.94,3,3,2019,8,7,18
1343,1,1.0,10.8,3,3,2019,8,7,20
1344,1,1.0,18.96,3,3,2019,8,8,6
1345,1,1.0,15.95,3,3,2019,8,8,7
1346,1,1.0,17.76,3,3,2019,8,8,8
1347,1,1.0,26.8,3,3,2019,8,8,10
1348,1,1.0,16.3,3,3,2019,8,8,11
1349,1,1.0,30.36,3,3,2019,8,8,12
1350,1,1.0,19.55,3,3,2019,8,8,12
1351,1,1.0,11.75,6,3,2019,8,8,13
1352,1,1.0,13.5,3,3,2019,8,8,14
1353,1,1.0,35.15,3,3,2019,8,8,14
1354,1,1.0,50.87,3,1,2019,8,8,15
1355,1,2.0,8.8,3,3,2019,8,8,15
1356,1,1.0,21.36,3,3,2019,8,8,15
1357,1,2.0,12.3,3,3,2019,8,8,15
1358,1,1.0,69.8,1,3,2019,8,8,16
1359,1,1.0,20.68,3,3,2019,8,8,17
1360,1,2.0,65.92,3,1,2019,8,8,17
1361,1,1.0,19.55,3,3,2019,8,8,18
1362,1,2.0,22.3,3,3,2019,8,8,18
1363,1,1.0,11.3,3,3,2019,8,8,19
1364,1,1.0,11.16,3,3,2019,8,8,20
1365,1,2.0,12.8,3,3,2019,8,8,20
1366,1,1.0,17.75,3,3,2019,8,9,8
1367,1,1.0,7.3,3,3,2019,8,9,7
1368,1,1.0,17.6,3,3,2019,8,9,8
1369,1,1.0,35.76,3,3,2019,8,9,9
1370,1,1.0,12.0,3,3,2019,8,9,11
1371,1,1.0,11.76,3,3,2019,8,9,13
1372,1,2.0,15.8,3,3,2019,8,9,13
1373,1,1.0,15.36,3,3,2019,8,9,15
1374,1,1.0,22.85,3,3,2019,8,9,16
1375,1,2.0,17.8,3,3,2019,8,9,16
1376,1,1.0,8.76,5,5,2019,8,9,17
1377,1,2.0,11.3,3,3,2019,8,9,17
1378,1,4.0,14.3,3,3,2019,8,9,17
1379,1,1.0,61.42,3,1,2019,8,9,17
1380,1,1.0,16.3,3,3,2019,8,9,19
1381,1,2.0,7.8,3,3,2019,8,9,20
1382,1,1.0,6.36,3,3,2019,8,10,6
1383,1,1.0,41.87,3,1,2019,8,10,10
1384,1,1.0,23.8,3,3,2019,8,10,11
1385,1,2.0,24.8,3,2,2019,8,10,13
1386,1,2.0,17.3,3,3,2019,8,10,7
1387,1,1.0,17.3,3,3,2019,8,10,15
1388,1,1.0,15.83,3,3,2019,8,10,17
1389,1,2.0,14.3,3,3,2019,8,10,17
1390,1,1.0,12.8,3,3,2019,8,10,19
1391,1,1.0,22.56,3,3,2019,8,10,19
1392,1,2.0,12.3,3,3,2019,12,19,10
1393,1,1.0,23.75,3,3,2019,12,19,10
1394,1,1.0,15.99,3,3,2019,12,19,10
1395,1,1.0,9.96,3,3,2019,12,19,11
1396,1,1.0,8.8,3,3,2019,12,19,11
1397,1,1.0,9.36,3,3,2019,12,19,11
1398,1,1.0,18.48,3,3,2019,12,19,12
1399,1,1.0,36.8,3,3,2019,12,19,14
1400,1,2.0,25.8,3,3,2019,12,19,14
1401,1,2.0,23.8,3,3,2019,12,19,14
1402,1,1.0,36.96,3,3,2019,12,19,15
1403,1,1.0,15.18,3,3,2019,12,19,15
1404,1,1.0,18.3,3,3,2019,12,19,15
1405,1,2.0,15.8,3,3,2019,12,19,16
1406,1,1.0,23.76,3,3,2019,12,19,16
1407,1,1.0,15.36,3,3,2019,12,19,16
1408,1,1.0,12.98,3,3,2019,12,19,18
1409,1,2.0,9.3,3,3,2019,12,20,7
1410,1,1.0,12.98,3,3,2019,12,20,9
1411,1,1.0,14.76,3,3,2019,12,20,9
1412,1,2.0,14.8,3,3,2019,12,20,11
1413,1,1.0,9.3,3,3,2019,12,20,16
1414,1,2.0,12.3,3,3,2019,12,20,17
1415,1,1.0,73.3,3,6,2019,12,20,18
1416,1,1.0,22.77,3,3,2019,12,20,18
1417,1,1.0,18.36,3,3,2019,12,20,18
1418,1,1.0,9.8,3,3,2019,12,21,7
1419,1,1.0,11.15,3,3,2019,12,21,10
1420,1,1.0,42.5,3,1,2019,12,21,10
1421,1,2.0,8.8,3,3,2019,12,21,10
1422,1,2.0,19.8,3,3,2019,12,21,10
1423,1,2.0,23.3,3,3,2019,12,21,10
1424,1,1.0,10.38,3,3,2019,12,21,12
1425,1,2.0,9.8,3,3,2019,12,21,12
1426,1,2.0,16.3,3,3,2019,12,21,12
1427,1,1.0,15.3,3,3,2019,12,21,12
1428,1,1.0,20.76,3,3,2019,12,21,13
1429,1,1.0,9.1,3,3,2019,12,21,13
1430,1,1.0,14.16,3,3,2019,12,21,13
1431,1,1.0,25.3,3,3,2019,12,21,13
1432,1,1.0,13.56,3,3,2019,12,21,12
1433,1,1.0,9.96,3,3,2019,12,21,14
1434,1,2.0,11.3,3,3,2019,12,21,15
1435,1,1.0,10.56,3,3,2019,12,21,15
1436,1,1.0,22.3,3,3,2019,12,21,16
1437,1,1.0,11.8,3,3,2019,12,21,16
1438,1,1.0,11.8,3,3,2019,12,21,17
1439,1,2.0,8.8,3,3,2019,12,21,20
1440,1,2.0,9.8,3,3,2019,12,22,6
1441,1,1.0,9.1,3,3,2019,12,22,9
1442,1,2.0,9.3,3,3,2019,12,22,12
1443,1,1.0,37.56,5,3,2019,12,22,12
1444,1,1.0,11.27,3,3,2019,12,22,12
1445,1,1.0,13.5,3,3,2019,12,22,14
1446,1,1.0,12.96,3,3,2019,12,22,15
1447,1,2.0,12.8,3,3,2019,12,22,17
1448,1,1.0,38.92,3,1,2019,12,22,18
1449,1,1.0,14.8,3,3,2019,12,22,19
1450,1,2.0,61.42,3,1,2019,12,23,6
1451,1,1.0,9.95,3,3,2019,12,23,6
1452,1,1.0,20.3,3,3,2019,12,23,7
1453,1,1.0,18.3,3,3,2019,12,23,8
1454,1,1.0,12.25,3,3,2019,12,23,8
1455,1,2.0,15.8,3,3,2019,12,23,8
1456,1,1.0,12.36,3,3,2019,12,23,9
1457,1,1.0,9.75,3,3,2019,12,23,10
1458,1,2.0,9.3,3,3,2019,12,23,10
1459,1,2.0,8.8,3,3,2019,12,23,12
1460,1,1.0,48.02,1,3,2019,12,23,12
1461,1,1.0,21.0,3,3,2019,12,23,13
1462,1,2.0,13.3,3,3,2019,12,23,14
1463,1,1.0,17.16,3,3,2019,12,23,15
1464,1,1.0,17.0,3,3,2019,12,23,16
1465,1,2.0,9.8,1,1,2019,12,23,16
1466,1,1.0,11.75,3,3,2019,12,23,16
1467,1,2.0,24.3,3,3,2019,12,23,17
1468,1,1.0,14.16,3,3,2019,12,23,19
1469,1,2.0,12.8,3,3,2019,12,24,6
1470,1,1.0,12.74,3,3,2019,12,24,8
1471,1,1.0,12.35,3,3,2019,12,24,11
1472,1,1.0,10.8,3,3,2019,12,24,12
1473,1,1.0,10.35,3,3,2019,12,24,12
1474,1,1.0,11.0,3,3,2019,12,24,13
1475,1,1.0,14.15,3,3,2019,12,24,13
1476,1,2.0,8.3,3,3,2019,12,24,13
1477,1,1.0,22.56,3,3,2019,12,24,13
1478,1,1.0,29.75,3,3,2019,12,24,15
1479,1,1.0,20.75,3,3,2019,12,24,16
1480,1,2.0,5.3,3,3,2019,12,24,17
1481,1,1.0,16.0,3,3,2019,12,24,18
1482,1,1.0,14.4,3,3,2019,12,24,19
1483,1,1.0,7.88,3,3,2019,12,25,9
1484,1,2.0,8.8,3,3,2019,12,25,11
1485,1,1.0,11.8,3,3,2019,12,25,14
1486,1,1.0,11.3,3,3,2019,12,25,17
1487,1,1.0,13.8,3,3,2019,12,25,20
1488,1,1.0,66.42,1,3,2019,12,26,6
1489,1,1.0,19.75,3,3,2019,12,26,11
1490,1,1.0,11.8,3,3,2019,12,26,13
1491,1,2.0,13.3,3,3,2019,12,26,14
1492,1,1.0,47.3,1,3,2019,12,26,14
1493,1,1.0,10.12,3,3,2019,12,26,14
1494,1,2.0,8.3,3,3,2019,12,26,15
1495,1,1.0,14.75,3,3,2019,12,26,16
1496,1,2.0,17.8,3,3,2019,12,26,17
1497,1,1.0,15.36,3,3,2019,12,26,18
1498,1,0.0,33.68,5,5,2019,12,20,7
1499,1,0.0,44.89,5,3,2019,12,20,11
1500,1,0.0,61.08,2,1,2019,12,23,9
1501,1,2.0,23.8,3,3,2020,3,4,10
1502,1,1.0,16.0,3,3,2020,3,4,11
1503,1,2.0,8.8,3,3,2020,3,4,10
1504,1,1.0,17.3,3,3,2020,3,4,11
1505,1,1.0,11.15,3,3,2020,3,4,12
1506,1,1.0,9.96,3,3,2020,3,4,12
1507,1,1.0,22.56,3,3,2020,3,4,12
1508,1,1.0,25.55,3,3,2020,3,4,13
1509,1,1.0,39.36,1,3,2020,3,4,15
1510,1,1.0,19.3,3,3,2020,3,4,16
1511,1,1.0,17.16,3,3,2020,3,4,16
1512,1,1.0,11.85,3,3,2020,3,4,17
1513,1,1.0,13.56,3,3,2020,3,4,17
1514,1,1.0,37.18,3,3,2020,3,4,17
1515,1,1.0,9.96,3,3,2020,3,4,18
1516,1,1.0,30.36,3,3,2020,3,4,19
1517,1,1.0,18.36,3,3,2020,3,4,18
1518,1,1.0,26.16,3,3,2020,3,4,18
1519,1,1.0,13.3,3,3,2020,3,4,19
1520,1,1.0,8.97,3,3,2020,3,5,8
1521,1,1.0,14.1,3,3,2020,3,5,10
1522,1,1.0,7.3,3,3,2020,3,5,10
1523,1,1.0,46.8,3,2,2020,3,5,11
1524,1,1.0,17.25,3,3,2020,3,5,12
1525,1,1.0,15.96,3,3,2020,3,5,14
1526,1,2.0,10.8,3,3,2020,3,5,18
1527,1,1.0,14.16,3,3,2020,3,5,20
1528,1,2.0,10.3,3,3,2020,3,6,6
1529,1,1.0,63.96,1,5,2020,3,6,6
1530,1,1.0,51.47,1,3,2020,3,6,7
1531,1,2.0,12.3,3,3,2020,3,6,10
1532,1,1.0,115.65,3,0,2020,3,6,12
1533,1,2.0,14.3,3,3,2020,3,6,12
1534,1,1.0,15.73,3,3,2020,3,6,12
1535,1,1.0,14.08,3,3,2020,3,6,12
1536,1,1.0,12.95,3,3,2020,3,6,12
1537,1,1.0,10.56,3,3,2020,3,6,13
1538,1,1.0,8.76,3,3,2020,3,6,13
1539,1,1.0,14.15,3,3,2020,3,6,14
1540,1,2.0,8.8,3,3,2020,3,6,14
1541,1,1.0,13.56,3,3,2020,3,6,14
1542,1,1.0,10.12,3,3,2020,3,6,14
1543,1,1.0,9.8,3,3,2020,3,6,15
1544,1,2.0,11.3,3,3,2020,3,6,15
1545,1,1.0,53.15,3,1,2020,3,6,15
1546,1,2.0,15.3,3,3,2020,3,6,16
1547,1,1.0,46.56,3,5,2020,3,6,17
1548,1,1.0,9.96,3,3,2020,3,6,17
1549,1,1.0,12.8,3,3,2020,3,6,18
1550,1,1.0,14.16,3,3,2020,3,6,18
1551,1,1.0,10.56,3,3,2020,3,6,18
1552,1,2.0,12.3,3,3,2020,3,7,6
1553,1,1.0,15.3,3,3,2020,3,7,9
1554,1,1.0,15.95,3,3,2020,3,7,10
1555,1,1.0,12.42,3,3,2020,3,7,12
1556,1,2.0,11.8,3,3,2020,3,7,13
1557,1,1.0,17.15,3,3,2020,3,7,13
1558,1,1.0,12.8,3,3,2020,3,7,15
1559,1,2.0,9.8,3,3,2020,3,7,16
1560,1,1.0,12.96,3,3,2020,3,7,17
1561,1,2.0,11.3,3,3,2020,3,7,18
1562,1,4.0,10.8,3,3,2020,3,7,18
1563,1,1.0,56.3,3,5,2020,3,7,19
1564,1,1.0,18.96,3,3,2020,3,7,20
1565,1,1.0,27.6,3,3,2020,3,7,19
1566,1,2.0,4.8,3,3,2020,3,8,8
1567,1,1.0,19.56,3,2,2020,3,8,8
1568,1,1.0,8.8,3,3,2020,3,8,9
1569,1,1.0,8.97,3,3,2020,3,8,10
1570,1,2.0,7.8,3,3,2020,3,8,10
1571,1,2.0,17.8,3,3,2020,3,8,10
1572,1,2.0,15.3,3,3,2020,3,8,12
1573,1,2.0,29.8,1,1,2020,3,8,13
1574,1,1.0,20.38,3,3,2020,3,8,13
1575,1,1.0,12.05,3,3,2020,3,8,15
1576,1,1.0,6.36,3,3,2020,3,8,16
1577,1,1.0,17.76,3,3,2020,3,8,17
1578,1,1.0,14.63,3,3,2020,3,8,18
1579,1,1.0,17.02,3,3,2020,3,8,19
1580,1,2.0,8.8,3,3,2020,3,8,19
1581,1,2.0,8.8,3,3,2020,3,8,20
1582,1,1.0,9.2,3,3,2020,3,9,7
1583,1,2.0,9.3,3,3,2020,3,9,9
1584,1,2.0,13.8,3,3,2020,3,9,10
1585,1,1.0,13.55,3,3,2020,3,9,13
1586,1,2.0,13.3,3,3,2020,3,9,14
1587,1,1.0,9.75,3,3,2020,3,9,14
1588,1,1.0,19.2,3,3,2020,3,9,15
1589,1,1.0,12.36,3,3,2020,3,9,15
1590,1,2.0,8.3,3,3,2020,3,9,15
1591,1,1.0,34.3,3,1,2020,3,9,15
1592,1,1.0,11.85,3,3,2020,3,9,17
1593,1,2.0,8.8,3,3,2020,3,9,18
1594,1,1.0,21.96,3,3,2020,3,9,19
1595,1,1.0,22.25,3,3,2020,3,9,20
1596,1,1.0,40.16,1,3,2020,3,10,7
1597,1,1.0,13.8,3,3,2020,3,10,9
1598,1,1.0,14.76,3,3,2020,3,10,9
1599,1,1.0,11.3,3,3,2020,3,10,11
1600,1,2.0,8.3,3,3,2020,3,10,13
1601,1,1.0,16.0,3,3,2020,3,10,15
1602,1,1.0,21.62,3,3,2020,3,10,15
1603,1,2.0,9.3,1,1,2020,3,10,18
1604,1,3.0,10.3,3,3,2020,3,10,19
1605,1,1.0,13.0,3,3,2020,3,10,20
1606,1,2.0,10.8,3,3,2020,3,10,20
1607,1,0.0,21.85,3,1,2020,3,4,8
1608,1,0.0,23.89,5,3,2020,3,6,16
1609,1,1.0,9.36,3,3,2020,8,4,11
1610,1,2.0,10.3,3,3,2020,8,4,11
1611,1,2.0,20.3,3,3,2020,8,4,12
1612,1,2.0,12.3,3,3,2020,8,4,13
1613,1,1.0,18.0,3,3,2020,8,4,14
1614,1,1.0,8.3,3,3,2020,8,4,15
1615,1,2.0,22.8,3,3,2020,8,4,15
1616,1,1.0,18.59,3,3,2020,8,4,17
1617,1,2.0,9.3,3,3,2020,8,4,17
1618,1,2.0,28.3,3,1,2020,8,4,17
1619,1,1.0,13.55,3,3,2020,8,5,13
1620,1,1.0,12.0,3,2,2020,8,5,15
1621,1,1.0,18.35,3,3,2020,8,5,16
1622,1,1.0,23.15,3,3,2020,8,5,17
1623,1,2.0,17.8,3,3,2020,8,5,17
1624,1,2.0,17.8,3,3,2020,8,5,17
1625,1,1.0,16.64,3,3,2020,8,5,17
1626,1,1.0,10.8,3,3,2020,8,5,18
1627,1,2.0,28.3,3,1,2020,8,5,18
1628,1,1.0,52.1,3,1,2020,8,5,18
1629,1,1.0,12.96,3,3,2020,8,5,19
1630,1,1.0,12.96,3,3,2020,8,5,19
1631,1,1.0,19.56,3,3,2020,8,5,20
1632,1,1.0,12.36,3,3,2020,8,5,20
1633,1,1.0,10.3,3,3,2020,8,6,6
1634,1,2.0,8.8,3,3,2020,8,6,8
1635,1,1.0,16.56,3,3,2020,8,6,9
1636,1,1.0,22.56,3,3,2020,8,6,11
1637,1,1.0,11.75,3,3,2020,8,6,11
1638,1,1.0,8.16,3,3,2020,8,6,11
1639,1,2.0,9.3,3,3,2020,8,6,13
1640,1,2.0,16.3,3,3,2020,8,6,14
1641,1,2.0,17.8,3,3,2020,8,6,15
1642,1,1.0,16.3,3,3,2020,8,6,15
1643,1,1.0,15.99,3,3,2020,8,6,15
1644,1,1.0,15.36,3,3,2020,8,6,15
1645,1,2.0,10.8,3,3,2020,8,6,15
1646,1,2.0,6.8,3,3,2020,8,6,16
1647,1,2.0,10.8,3,3,2020,8,6,16
1648,1,1.0,15.36,3,3,2020,8,6,17
1649,1,1.0,13.5,3,3,2020,8,6,18
1650,1,1.0,8.75,3,3,2020,8,7,8
1651,1,1.0,15.96,3,3,2020,8,7,11
1652,1,2.0,9.3,2,2,2020,8,7,11
1653,1,2.0,8.8,3,3,2020,8,7,13
1654,1,1.0,15.96,3,3,2020,8,7,18
1655,1,1.0,12.42,3,3,2020,8,7,19
1656,1,2.0,10.3,3,3,2020,8,7,19
1657,1,2.0,8.8,3,3,2020,8,7,19
1658,1,1.0,12.96,5,3,2020,8,8,9
1659,1,2.0,9.8,3,3,2020,8,8,10
1660,1,1.0,36.3,3,2,2020,8,8,12
1661,1,1.0,11.76,3,3,2020,8,8,12
1662,1,1.0,10.3,3,3,2020,8,8,13
1663,1,2.0,13.3,1,1,2020,8,8,14
1664,1,2.0,12.8,3,2,2020,8,8,14
1665,1,2.0,10.8,3,3,2020,8,8,16
1666,1,1.0,9.36,3,3,2020,8,8,16
1667,1,1.0,21.3,3,3,2020,8,8,17
1668,1,2.0,8.3,3,2,2020,8,8,17
1669,1,1.0,25.56,3,3,2020,8,8,17
1670,1,1.0,12.74,3,3,2020,8,8,18
1671,1,1.0,13.56,3,3,2020,8,8,19
1672,1,1.0,41.0,1,3,2020,8,8,19
1673,1,1.0,9.96,3,3,2020,8,8,19
1674,1,1.0,13.39,3,3,2020,8,8,20
1675,1,1.0,12.98,3,3,2020,8,8,20
1676,1,1.0,10.55,3,3,2020,8,9,7
1677,1,2.0,5.3,3,3,2020,8,9,7
1678,1,1.0,9.55,3,3,2020,8,9,8
1679,1,1.0,14.0,3,3,2020,8,9,10
1680,1,1.0,41.76,1,5,2020,8,9,13
1681,1,1.0,14.8,3,3,2020,8,9,14
1682,1,1.0,45.3,3,5,2020,8,9,14
1683,1,1.0,11.0,3,3,2020,8,9,18
1684,1,1.0,8.8,3,3,2020,8,9,19
1685,1,1.0,9.36,1,1,2020,8,9,19
1686,1,2.0,7.8,3,3,2020,8,9,20
1687,1,1.0,14.75,3,3,2020,8,9,20
1688,1,1.0,15.96,3,3,2020,8,9,20
1689,1,2.0,9.8,3,3,2020,8,10,8
1690,1,1.0,46.12,2,5,2020,8,10,10
1691,1,1.0,11.76,3,3,2020,8,10,10
1692,1,1.0,12.8,3,3,2020,8,10,11
1693,1,1.0,10.8,3,3,2020,8,10,11
1694,1,1.0,15.96,3,3,2020,8,10,11
1695,1,2.0,14.3,3,3,2020,8,10,13
1696,1,2.0,10.3,3,3,2020,8,10,14
1697,1,1.0,9.75,3,3,2020,8,10,14
1698,1,1.0,9.95,3,3,2020,8,10,14
1699,1,2.0,9.8,3,3,2020,8,10,15
1700,1,2.0,15.3,3,3,2020,8,10,15
1701,1,1.0,12.3,3,3,2020,8,10,16
1702,1,2.0,9.3,3,3,2020,8,10,18
1703,1,1.0,11.76,3,3,2020,8,10,20
1704,1,0.0,51.16,1,5,2020,8,5,10
1705,1,0.0,26.26,3,3,2020,8,5,12
1706,1,0.0,30.1,3,3,2020,8,6,11
1707,1,0.0,19.32,3,3,2020,8,7,8
1708,1,0.0,12.43,3,3,2020,8,7,8
1709,1,0.0,25.5,2,3,2020,8,9,10
1710,1,1.0,13.56,3,3,2020,12,19,12
1711,1,2.0,23.3,3,3,2020,12,19,12
1712,1,4.0,8.8,3,3,2020,12,19,13
1713,1,1.0,20.16,3,3,2020,12,19,14
1714,1,1.0,25.55,3,5,2020,12,19,20
1715,1,2.0,8.8,3,3,2020,12,20,10
1716,1,1.0,12.8,3,3,2020,12,20,11
1717,1,1.0,11.3,3,3,2020,12,20,12
1718,1,1.0,9.12,3,3,2020,12,20,13
1719,1,2.0,10.8,3,3,2020,12,20,13
1720,1,1.0,10.55,3,3,2020,12,20,13
1721,1,1.0,20.7,3,3,2020,12,20,14
1722,1,1.0,16.0,3,3,2020,12,20,15
1723,1,1.0,13.0,3,3,2020,12,20,15
1724,1,2.0,16.3,3,3,2020,12,20,16
1725,1,1.0,10.56,3,3,2020,12,20,16
1726,1,1.0,14.3,3,3,2020,12,20,18
1727,1,2.0,23.8,1,5,2020,12,20,19
1728,1,1.0,11.16,3,3,2020,12,21,8
1729,1,1.0,13.55,3,3,2020,12,21,9
1730,1,1.0,13.39,3,3,2020,12,21,9
1731,1,1.0,12.96,3,3,2020,12,21,9
1732,1,2.0,13.3,3,3,2020,12,21,10
1733,1,2.0,16.8,3,3,2020,12,21,10
1734,1,1.0,36.36,3,5,2020,12,21,10
1735,1,1.0,8.8,3,3,2020,12,21,10
1736,1,1.0,16.8,3,3,2020,12,21,11
1737,1,2.0,10.3,3,3,2020,12,21,12
1738,1,1.0,13.56,3,3,2020,12,21,14
1739,1,2.0,15.3,3,3,2020,12,21,15
1740,1,2.0,9.3,3,3,2020,12,21,16
1741,1,1.0,10.3,3,3,2020,12,21,20
1742,1,1.0,14.3,3,3,2020,12,22,7
1743,1,2.0,7.3,3,3,2020,12,22,7
1744,1,1.0,12.3,3,3,2020,12,22,9
1745,1,1.0,8.16,3,3,2020,12,22,9
1746,1,1.0,15.96,3,3,2020,12,22,10
1747,1,1.0,15.36,3,3,2020,12,22,10
1748,1,1.0,28.55,3,3,2020,12,22,10
1749,1,2.0,12.8,3,3,2020,12,22,11
1750,1,1.0,11.62,3,3,2020,12,22,12
1751,1,1.0,21.8,5,5,2020,12,22,11
1752,1,1.0,23.75,3,3,2020,12,22,12
1753,1,1.0,11.76,3,3,2020,12,22,12
1754,1,1.0,9.36,3,3,2020,12,22,13
1755,1,2.0,18.3,3,3,2020,12,22,13
1756,1,1.0,20.3,3,3,2020,12,22,13
1757,1,1.0,17.25,3,3,2020,12,22,14
1758,1,1.0,14.65,3,3,2020,12,22,14
1759,1,2.0,14.8,3,3,2020,12,22,14
1760,1,2.0,27.8,2,3,2020,12,22,14
1761,1,1.0,23.76,3,3,2020,12,22,15
1762,1,2.0,26.3,3,3,2020,12,22,15
1763,1,1.0,13.0,3,3,2020,12,22,15
1764,1,1.0,14.3,3,3,2020,12,22,17
1765,1,1.0,15.8,3,3,2020,12,22,17
1766,1,1.0,27.96,3,3,2020,12,22,18
1767,1,1.0,20.8,3,3,2020,12,22,18
1768,1,1.0,16.55,3,3,2020,12,22,19
1769,1,2.0,11.8,3,3,2020,12,23,6
1770,1,2.0,8.8,3,3,2020,12,23,7
1771,1,2.0,3.8,3,3,2020,12,23,9
1772,1,2.0,12.3,3,3,2020,12,23,9
1773,1,1.0,11.44,3,3,2020,12,23,10
1774,1,1.0,27.88,3,3,2020,12,23,10
1775,1,1.0,25.0,3,3,2020,12,23,13
1776,1,2.0,18.3,3,3,2020,12,23,13
1777,1,1.0,22.56,3,3,2020,12,23,14
1778,1,1.0,9.96,3,3,2020,12,23,15
1779,1,1.0,9.68,3,3,2020,12,23,15
1780,1,2.0,5.3,3,3,2020,12,23,15
1781,1,1.0,11.76,3,3,2020,12,23,16
1782,1,1.0,14.8,3,3,2020,12,23,17
1783,1,1.0,12.35,3,3,2020,12,23,18
1784,1,2.0,10.3,3,3,2020,12,24,9
1785,1,2.0,13.8,3,3,2020,12,24,12
1786,1,1.0,23.79,3,3,2020,12,24,12
1787,1,1.0,18.3,3,3,2020,12,24,14
1788,1,1.0,9.36,3,3,2020,12,24,15
1789,1,2.0,29.8,1,1,2020,12,24,15
1790,1,3.0,7.8,3,3,2020,12,24,15
1791,1,1.0,12.95,3,3,2020,12,24,16
1792,1,1.0,20.38,3,3,2020,12,24,16
1793,1,2.0,16.8,3,3,2020,12,24,16
1794,1,1.0,13.8,3,3,2020,12,24,17
1795,1,1.0,12.96,3,3,2020,12,24,18
1796,1,1.0,10.55,3,3,2020,12,24,18
1797,1,1.0,13.55,3,3,2020,12,24,18
1798,1,2.0,40.8,3,2,2020,12,24,20
1799,1,2.0,9.8,3,3,2020,12,25,15
1800,1,1.0,18.59,3,3,2020,12,25,19
1801,1,2.0,17.8,5,3,2020,12,26,8
1802,1,1.0,17.3,3,3,2020,12,26,9
1803,1,1.0,14.3,3,3,2020,12,26,10
1804,1,1.0,11.8,3,3,2020,12,26,11
1805,1,2.0,9.3,3,3,2020,12,26,13
1806,1,1.0,10.56,3,3,2020,12,26,14
1807,1,1.0,11.8,3,3,2020,12,26,20
1808,1,0.0,23.85,2,2,2020,12,19,9
1809,1,0.0,22.2,5,5,2020,12,19,9
1810,1,0.0,26.88,5,5,2020,12,19,12
1811,1,0.0,34.63,5,1,2020,12,21,13
1812,1,0.0,12.98,3,3,2020,12,22,18
1813,1,0.0,27.37,2,3,2020,12,24,18
1814,1,2.0,4.3,3,3,2021,3,4,9
1815,1,1.0,11.0,3,3,2021,3,4,10
1816,1,3.0,3.3,1,1,2021,3,4,11
1817,1,1.0,11.76,3,3,2021,3,4,15
1818,1,1.0,23.3,3,3,2021,3,4,17
1819,1,1.0,25.3,3,3,2021,3,4,17
1820,1,1.0,11.76,3,3,2021,3,4,18
1821,1,1.0,12.42,3,3,2021,3,4,18
1822,1,1.0,14.12,3,3,2021,3,4,18
1823,1,1.0,14.13,3,3,2021,3,4,18
1824,1,1.0,11.16,3,3,2021,3,4,19
1825,1,1.0,62.16,1,5,2021,3,4,19
1826,1,2.0,12.8,3,3,2021,3,4,19
1827,1,1.0,12.96,3,6,2021,3,4,20
1828,1,1.0,13.5,3,3,2021,3,5,7
1829,1,1.0,8.8,3,3,2021,3,5,8
1830,1,1.0,9.75,3,3,2021,3,5,9
1831,1,1.0,11.15,3,3,2021,3,5,10
1832,1,1.0,10.3,3,3,2021,3,5,11
1833,1,1.0,7.8,3,3,2021,3,5,11
1834,1,1.0,42.1,2,2,2021,3,5,11
1835,1,2.0,37.3,3,3,2021,3,5,11
1836,1,1.0,15.38,3,3,2021,3,5,11
1837,1,1.0,14.16,3,3,2021,3,5,13
1838,1,1.0,20.15,3,3,2021,3,5,15
1839,1,1.0,14.75,3,3,2021,3,5,15
1840,1,1.0,22.77,3,3,2021,3,5,16
1841,1,1.0,13.55,3,3,2021,3,5,19
1842,1,1.0,8.8,3,3,2021,3,5,19
1843,1,1.0,11.16,3,3,2021,3,6,6
1844,1,1.0,16.62,3,3,2021,3,6,9
1845,1,1.0,12.96,3,3,2021,3,6,10
1846,1,1.0,24.95,3,3,2021,3,6,10
1847,1,1.0,23.79,3,3,2021,3,6,10
1848,1,2.0,16.8,3,3,2021,3,6,12
1849,1,1.0,12.8,3,3,2021,3,6,12
1850,1,1.0,27.3,5,5,2021,3,6,12
1851,1,2.0,10.3,3,3,2021,3,6,12
1852,1,1.0,10.79,3,3,2021,3,6,12
1853,1,1.0,20.54,3,3,2021,3,6,13
1854,1,1.0,23.5,3,3,2021,3,6,13
1855,1,1.0,73.7,1,3,2021,3,6,14
1856,1,1.0,15.8,3,3,2021,3,6,14
1857,1,1.0,12.96,3,3,2021,3,6,14
1858,1,1.0,47.76,3,5,2021,3,6,14
1859,1,2.0,6.8,3,3,2021,3,6,15
1860,1,1.0,15.96,3,3,2021,3,6,16
1861,1,2.0,17.8,3,3,2021,3,6,17
1862,1,2.0,36.92,1,3,2021,3,6,18
1863,1,1.0,21.3,3,3,2021,3,6,18
1864,1,1.0,11.75,3,3,2021,3,6,18
1865,1,1.0,14.8,3,3,2021,3,6,20
1866,1,1.0,19.56,3,3,2021,3,6,20
1867,1,2.0,17.3,3,3,2021,3,7,12
1868,1,1.0,11.75,3,3,2021,3,7,12
1869,1,2.0,10.3,3,3,2021,3,7,16
1870,1,1.0,9.3,3,3,2021,3,7,16
1871,1,1.0,9.96,3,3,2021,3,7,18
1872,1,1.0,12.96,3,3,2021,3,7,19
1873,1,1.0,17.88,3,3,2021,3,7,20
1874,1,1.0,9.13,3,3,2021,3,7,20
1875,1,1.0,13.55,3,3,2021,3,8,7
1876,1,2.0,7.8,3,3,2021,3,8,10
1877,1,1.0,15.35,3,3,2021,3,8,9
1878,1,1.0,9.35,3,3,2021,3,8,13
1879,1,1.0,11.15,3,3,2021,3,8,15
1880,1,1.0,14.16,3,3,2021,3,8,15
1881,1,1.0,9.68,3,3,2021,3,8,17
1882,1,1.0,17.25,3,3,2021,3,8,17
1883,1,1.0,21.84,3,3,2021,3,8,18
1884,1,1.0,44.1,1,3,2021,3,8,19
1885,1,1.0,9.8,3,3,2021,3,8,19
1886,1,1.0,14.3,3,3,2021,3,9,7
1887,1,2.0,6.8,3,3,2021,3,9,7
1888,1,2.0,8.3,3,3,2021,3,9,8
1889,1,1.0,21.36,3,3,2021,3,9,8
1890,1,1.0,14.15,3,3,2021,3,9,11
1891,1,2.0,9.3,3,3,2021,3,9,12
1892,1,1.0,27.36,3,3,2021,3,9,13
1893,1,1.0,17.25,3,3,2021,3,9,13
1894,1,1.0,16.64,3,3,2021,3,9,14
1895,1,1.0,22.55,3,3,2021,3,9,15
1896,1,1.0,13.56,3,3,2021,3,9,15
1897,1,1.0,17.25,3,3,2021,3,9,18
1898,1,1.0,10.3,3,3,2021,3,9,18
1899,1,1.0,12.8,3,3,2021,3,9,18
1900,1,1.0,14.65,3,3,2021,3,9,20
1901,1,1.0,17.15,3,3,2021,3,10,8
1902,1,1.0,10.56,3,3,2021,3,10,10
1903,1,1.0,14.1,3,3,2021,3,10,12
1904,1,1.0,18.36,3,3,2021,3,10,13
1905,1,2.0,9.3,3,3,2021,3,10,15
1906,1,1.0,19.8,3,3,2021,3,10,16
1907,1,1.0,24.96,3,3,2021,3,10,17
1908,1,1.0,13.3,3,3,2021,3,10,17
1909,1,1.0,14.8,3,3,2021,3,10,18
1910,1,1.0,14.76,3,3,2021,3,10,19
1911,1,0.0,30.22,3,3,2021,3,4,14
1912,1,0.0,16.63,3,3,2021,3,5,19
1913,1,0.0,29.32,5,5,2021,3,6,7
1914,1,0.0,15.87,3,3,2021,3,8,16
1915,1,0.0,68.1,2,5,2021,3,10,14
1916,1,0.0,11.76,3,3,2021,3,10,18
1917,1,1.0,16.07,1,1,2021,8,4,9
1918,1,1.0,8.8,3,3,2021,8,4,9
1919,1,2.0,9.3,3,3,2021,8,4,15
1920,1,1.0,75.72,1,3,2021,8,4,15
1921,1,1.0,14.76,3,3,2021,8,4,16
1922,1,1.0,11.75,3,3,2021,8,4,16
1923,1,1.0,11.75,3,3,2021,8,4,16
1924,1,1.0,17.75,3,3,2021,8,4,17
1925,1,1.0,12.25,3,3,2021,8,4,17
1926,1,1.0,16.0,3,3,2021,8,4,18
1927,1,1.0,13.53,3,3,2021,8,4,18
1928,1,2.0,14.8,3,3,2021,8,4,19
1929,1,1.0,9.95,3,3,2021,8,4,19
1930,1,2.0,29.05,1,5,2021,8,4,19
1931,1,1.0,12.96,3,3,2021,8,4,20
1932,1,2.0,6.8,3,3,2021,8,4,19
1933,1,1.0,14.15,3,3,2021,8,4,19
1934,1,2.0,9.3,3,3,2021,8,5,6
1935,1,2.0,41.05,1,1,2021,8,5,9
1936,1,2.0,7.3,3,3,2021,8,5,9
1937,1,1.0,15.3,3,3,2021,8,5,10
1938,1,2.0,9.3,3,3,2021,8,5,13
1939,1,1.0,150.1,1,6,2021,8,5,14
1940,1,1.0,25.8,3,3,2021,8,5,15
1941,1,1.0,13.7,3,3,2021,8,5,15
1942,1,1.0,73.26,1,3,2021,8,5,16
1943,1,1.0,16.56,3,3,2021,8,5,16
1944,1,1.0,21.36,3,3,2021,8,5,16
1945,1,1.0,10.56,3,3,2021,8,5,16
1946,1,1.0,12.7,3,3,2021,8,5,16
1947,1,1.0,14.13,3,3,2021,8,5,16
1948,1,1.0,39.8,3,5,2021,8,5,14
1949,1,1.0,10.3,3,3,2021,8,5,18
1950,1,1.0,28.3,3,3,2021,8,5,18
1951,1,1.0,12.3,3,3,2021,8,5,19
1952,1,1.0,11.76,3,3,2021,8,5,20
1953,1,1.0,9.36,3,3,2021,8,5,19
1954,1,1.0,19.55,3,3,2021,8,5,19
1955,1,2.0,40.3,3,2,2021,8,6,6
1956,1,1.0,9.3,3,3,2021,8,6,6
1957,1,1.0,14.75,3,3,2021,8,6,9
1958,1,1.0,16.3,3,3,2021,8,6,9
1959,1,1.0,12.88,3,3,2021,8,6,12
1960,1,2.0,6.8,3,3,2021,8,6,13
1961,1,2.0,8.8,3,3,2021,8,6,13
1962,1,2.0,10.8,3,3,2021,8,6,14
1963,1,1.0,10.78,3,3,2021,8,6,15
1964,1,1.0,13.39,3,3,2021,8,6,17
1965,1,1.0,17.16,3,3,2021,8,6,18
1966,1,1.0,12.36,3,3,2021,8,6,19
1967,1,2.0,9.3,3,3,2021,8,6,20
1968,1,1.0,22.56,3,3,2021,8,6,20
1969,1,2.0,5.8,3,3,2021,8,7,8
1970,1,2.0,20.8,3,3,2021,8,7,9
1971,1,1.0,16.3,3,3,2021,8,7,9
1972,1,2.0,7.8,3,3,2021,8,7,11
1973,1,1.0,14.3,3,3,2021,8,7,11
1974,1,1.0,8.4,3,3,2021,8,7,13
1975,1,2.0,10.3,3,3,2021,8,7,14
1976,1,2.0,15.8,3,3,2021,8,7,15
1977,1,1.0,15.95,3,3,2021,8,7,15
1978,1,2.0,55.3,3,1,2021,8,7,15
1979,1,2.0,12.3,3,3,2021,8,7,19
1980,1,1.0,15.8,3,3,2021,8,7,19
1981,1,2.0,8.8,3,3,2021,8,8,18
1982,1,2.0,12.3,3,3,2021,8,8,18
1983,1,2.0,6.3,3,3,2021,8,9,7
1984,1,1.0,11.44,3,3,2021,8,9,9
1985,1,1.0,9.54,3,3,2021,8,9,11
1986,1,1.0,14.76,3,3,2021,8,9,12
1987,1,2.0,8.3,3,3,2021,8,9,15
1988,1,1.0,44.8,3,1,2021,8,9,15
1989,1,1.0,22.63,3,3,2021,8,9,16
1990,1,2.0,13.8,3,3,2021,8,9,16
1991,1,1.0,9.8,3,3,2021,8,10,6
1992,1,2.0,17.8,5,3,2021,8,10,9
1993,1,1.0,16.56,3,3,2021,8,10,9
1994,1,1.0,15.38,3,3,2021,8,10,10
1995,1,1.0,21.96,3,3,2021,8,10,11
1996,1,1.0,11.15,3,3,2021,8,10,11
1997,1,1.0,19.75,3,3,2021,8,10,12
1998,1,1.0,53.35,1,3,2021,8,10,13
1999,1,1.0,9.45,3,3,2021,8,10,13
2000,1,2.0,10.3,3,3,2021,8,10,13
2001,1,1.0,16.56,3,3,2021,8,10,14
2002,1,2.0,8.8,3,3,2021,8,10,14
2003,1,1.0,30.65,1,5,2021,8,10,14
2004,1,2.0,14.3,3,3,2021,8,10,14
2005,1,1.0,14.8,3,3,2021,8,10,17
2006,1,1.0,17.76,3,3,2021,8,10,17
2007,1,2.0,8.8,3,2,2021,8,10,17
2008,1,1.0,15.96,3,3,2021,8,10,17
2009,1,1.0,12.74,3,3,2021,8,10,17
2010,1,1.0,17.25,3,3,2021,8,10,18
2011,1,1.0,10.7,3,3,2021,8,10,18
2012,1,1.0,10.56,3,3,2021,8,10,19
2013,1,1.0,15.36,3,1,2021,8,10,19
2014,1,2.0,11.8,3,3,2021,8,10,20
2015,1,1.0,23.8,3,3,2021,8,10,20
2016,1,1.0,14.16,3,3,2021,8,10,20
2017,1,3.0,57.05,1,5,2021,8,10,20
2018,1,0.0,22.24,3,3,2021,8,5,8
2019,1,0.0,21.75,3,3,2021,8,9,15
2020,1,0.0,44.63,3,6,2021,8,9,19
2021,1,0.0,19.5,3,3,2021,8,10,19
2022,1,2.0,63.1,1,3,2021,12,19,10
2023,1,2.0,8.8,3,3,2021,12,19,10
2024,1,2.0,8.3,3,3,2021,12,19,15
2025,1,1.0,15.99,3,3,2021,12,19,16
2026,1,1.0,12.35,3,3,2021,12,19,16
2027,1,1.0,14.16,3,3,2021,12,19,16
2028,1,1.0,58.05,1,5,2021,12,19,16
2029,1,1.0,47.52,1,3,2021,12,19,17
2030,1,1.0,15.96,3,3,2021,12,19,17
2031,1,1.0,22.56,3,3,2021,12,19,18
2032,1,2.0,19.3,3,3,2021,12,19,19
2033,1,1.0,24.75,3,3,2021,12,19,20
2034,1,1.0,12.25,3,3,2021,12,19,20
2035,1,1.0,18.36,3,5,2021,12,20,6
2036,1,1.0,10.14,3,3,2021,12,20,6
2037,1,1.0,34.55,3,3,2021,12,20,7
2038,1,1.0,9.3,3,3,2021,12,20,6
2039,1,2.0,18.8,3,3,2021,12,20,9
2040,1,1.0,12.36,3,3,2021,12,20,11
2041,1,3.0,3.3,6,6,2021,12,20,11
2042,1,1.0,17.3,3,3,2021,12,20,11
2043,1,1.0,63.42,1,6,2021,12,20,14
2044,1,1.0,12.8,3,3,2021,12,20,15
2045,1,1.0,18.36,3,3,2021,12,20,15
2046,1,1.0,55.6,1,3,2021,12,20,16
2047,1,2.0,15.8,3,3,2021,12,20,16
2048,1,1.0,13.56,3,3,2021,12,20,16
2049,1,2.0,15.3,3,3,2021,12,20,17
2050,1,1.0,16.56,3,3,2021,12,20,17
2051,1,1.0,21.96,3,3,2021,12,20,17
2052,1,1.0,18.59,3,3,2021,12,20,17
2053,1,1.0,55.55,1,5,2021,12,20,18
2054,1,1.0,38.1,1,3,2021,12,20,18
2055,1,2.0,13.8,3,5,2021,12,20,20
2056,1,1.0,6.35,3,3,2021,12,20,20
2057,1,1.0,17.76,3,3,2021,12,20,20
2058,1,1.0,24.96,3,3,2021,12,20,20
2059,1,2.0,20.3,3,3,2021,12,21,8
2060,1,1.0,12.36,3,3,2021,12,21,8
2061,1,1.0,14.75,3,3,2021,12,21,10
2062,1,1.0,11.76,3,3,2021,12,21,10
2063,1,1.0,16.55,3,3,2021,12,21,12
2064,1,2.0,44.8,3,5,2021,12,21,13
2065,1,1.0,17.3,3,3,2021,12,21,14
2066,1,1.0,16.56,3,3,2021,12,21,14
2067,1,1.0,11.16,3,3,2021,12,21,15
2068,1,1.0,12.95,3,3,2021,12,21,17
2069,1,1.0,17.76,3,3,2021,12,21,18
2070,1,1.0,17.16,3,3,2021,12,21,19
2071,1,1.0,18.95,3,3,2021,12,21,20
2072,1,1.0,24.96,3,5,2021,12,21,20
2073,1,4.0,54.05,1,1,2021,12,22,7
2074,1,2.0,51.05,1,3,2021,12,22,8
2075,1,1.0,8.76,3,3,2021,12,22,8
2076,1,1.0,16.56,3,3,2021,12,22,9
2077,1,1.0,13.5,3,3,2021,12,22,10
2078,1,1.0,14.15,3,3,2021,12,22,12
2079,1,1.0,20.76,3,6,2021,12,22,12
2080,1,1.0,32.88,3,5,2021,12,22,13
2081,1,2.0,10.3,3,3,2021,12,22,13
2082,1,1.0,15.3,3,3,2021,12,22,13
2083,1,1.0,9.3,3,3,2021,12,22,16
2084,1,2.0,13.8,3,3,2021,12,22,16
2085,1,2.0,7.3,3,3,2021,12,23,12
2086,1,1.0,21.19,3,3,2021,12,23,12
2087,1,1.0,11.15,3,3,2021,12,23,15
2088,1,1.0,14.76,3,3,2021,12,23,15
2089,1,1.0,22.25,1,3,2021,12,23,17
2090,1,1.0,15.96,3,3,2021,12,23,18
2091,1,4.0,6.8,3,3,2021,12,24,6
2092,1,2.0,9.8,3,3,2021,12,24,9
2093,1,2.0,11.3,3,3,2021,12,24,9
2094,1,1.0,15.3,3,3,2021,12,24,10
2095,1,1.0,10.32,3,3,2021,12,24,15
2096,1,1.0,12.3,3,3,2021,12,24,16
2097,1,1.0,12.25,3,3,2021,12,24,17
2098,1,1.0,20.38,3,3,2021,12,24,17
2099,1,1.0,22.56,3,3,2021,12,24,19
2100,1,1.0,55.0,3,5,2021,12,24,19
2101,1,1.0,16.83,3,3,2021,12,25,10
2102,1,2.0,10.3,3,3,2021,12,25,11
2103,1,2.0,11.3,3,3,2021,12,25,11
2104,1,1.0,14.76,3,3,2021,12,25,11
2105,1,2.0,7.8,3,3,2021,12,25,12
2106,1,1.0,8.31,3,3,2021,12,25,13
2107,1,1.0,18.35,3,3,2021,12,25,13
2108,1,1.0,18.36,3,3,2021,12,25,13
2109,1,1.0,10.3,3,3,2021,12,25,19
2110,1,1.0,10.38,3,3,2021,12,25,19
2111,1,1.0,16.56,3,3,2021,12,25,20
2112,1,2.0,10.3,3,3,2021,12,25,20
2113,1,1.0,10.56,3,3,2021,12,26,8
2114,1,1.0,56.94,1,5,2021,12,26,10
2115,1,2.0,8.3,3,3,2021,12,26,12
2116,1,1.0,10.3,3,3,2021,12,26,12
2117,1,1.0,20.75,3,3,2021,12,26,14
2118,1,1.0,19.3,3,3,2021,12,26,14
2119,1,1.0,14.16,3,3,2021,12,26,14
2120,1,2.0,8.8,3,3,2021,12,26,14
2121,1,2.0,24.8,3,3,2021,12,26,15
2122,1,1.0,14.75,3,3,2021,12,26,16
2123,1,1.0,11.75,3,3,2021,12,26,19
2124,1,1.0,8.8,3,3,2021,12,26,20
2125,1,0.0,22.46,5,5,2021,12,19,10
2126,1,0.0,19.13,3,3,2021,12,21,18
2127,1,0.0,29.04,3,3,2021,12,22,12
2128,1,0.0,15.87,3,3,2021,12,24,17
2129,1,0.0,49.2,1,1,2021,12,25,11
2130,1,0.0,48.41,5,1,2021,12,26,9
2131,1,1.0,25.8,3,3,2022,3,4,8
2132,1,1.0,15.3,3,3,2022,3,4,9
2133,1,1.0,54.4,3,5,2022,3,4,14
2134,1,1.0,12.36,3,3,2022,3,4,14
2135,1,1.0,17.29,3,3,2022,3,4,14
2136,1,2.0,11.8,3,3,2022,3,4,14
2137,1,1.0,17.15,3,3,2022,3,4,15
2138,1,1.0,20.38,3,3,2022,3,4,15
2139,1,1.0,10.3,3,3,2022,3,4,15
2140,1,1.0,17.8,3,3,2022,3,4,16
2141,1,1.0,14.16,3,3,2022,3,4,16
2142,1,1.0,16.56,3,3,2022,3,4,17
2143,1,2.0,39.8,3,1,2022,3,4,18
2144,1,2.0,24.8,3,1,2022,3,4,18
2145,1,2.0,10.8,3,3,2022,3,4,18
2146,1,1.0,21.8,3,3,2022,3,4,19
2147,1,1.0,22.25,3,3,2022,3,4,20
2148,1,1.0,10.7,3,3,2022,3,5,10
2149,1,1.0,10.38,3,3,2022,3,5,12
2150,1,2.0,10.3,3,3,2022,3,5,12
2151,1,2.0,7.8,3,3,2022,3,5,13
2152,1,1.0,17.16,3,3,2022,3,5,13
2153,1,2.0,8.8,3,3,2022,3,5,13
2154,1,1.0,17.76,3,3,2022,3,5,14
2155,1,1.0,15.3,3,3,2022,3,5,15
2156,1,1.0,15.35,3,3,2022,3,5,15
2157,1,1.0,21.59,3,3,2022,3,5,16
2158,1,1.0,19.56,3,3,2022,3,5,16
2159,1,1.0,21.95,3,3,2022,3,5,16
2160,1,1.0,10.97,3,3,2022,3,5,17
2161,1,1.0,29.16,3,3,2022,3,5,17
2162,1,1.0,13.56,3,3,2022,3,5,18
2163,1,1.0,20.76,3,3,2022,3,5,19
2164,1,1.0,12.36,3,3,2022,3,5,20
2165,1,2.0,23.8,3,5,2022,3,6,8
2166,1,1.0,12.25,3,3,2022,3,6,9
2167,1,2.0,6.8,3,3,2022,3,6,10
2168,1,1.0,12.74,3,3,2022,3,6,11
2169,1,2.0,9.3,3,3,2022,3,6,14
2170,1,1.0,9.96,3,3,2022,3,6,15
2171,1,1.0,15.35,3,3,2022,3,6,17
2172,1,1.0,24.36,3,3,2022,3,6,17
2173,1,1.0,14.75,3,3,2022,3,6,17
2174,1,2.0,20.8,3,3,2022,3,6,18
2175,1,1.0,13.56,3,3,2022,3,6,19
2176,1,1.0,9.8,3,3,2022,3,6,19
2177,1,1.0,19.56,3,3,2022,3,7,7
2178,1,1.0,22.8,3,3,2022,3,7,8
2179,1,2.0,6.8,3,3,2022,3,7,9
2180,1,1.0,13.8,3,3,2022,3,7,13
2181,1,2.0,9.8,3,3,2022,3,7,13
2182,1,1.0,41.1,1,3,2022,3,7,20
2183,1,1.0,12.25,3,3,2022,3,7,20
2184,1,1.0,19.56,6,6,2022,3,8,9
2185,1,1.0,45.7,1,3,2022,3,8,10
2186,1,1.0,24.75,3,3,2022,3,8,13
2187,1,2.0,11.8,3,3,2022,3,8,14
2188,1,3.0,5.8,3,3,2022,3,8,15
2189,1,1.0,14.12,3,3,2022,3,8,15
2190,1,1.0,13.56,3,3,2022,3,8,18
2191,1,1.0,16.28,3,3,2022,3,8,20
2192,1,1.0,11.76,3,3,2022,3,8,20
2193,1,1.0,12.7,3,3,2022,3,9,7
2194,1,1.0,12.36,3,3,2022,3,9,7
2195,1,1.0,16.45,3,3,2022,3,9,9
2196,1,1.0,26.8,3,3,2022,3,9,9
2197,1,1.0,13.8,3,3,2022,3,9,9
2198,1,1.0,13.39,3,3,2022,3,9,9
2199,1,1.0,13.8,3,3,2022,3,9,10
2200,1,1.0,16.56,3,3,2022,3,9,10
2201,1,1.0,38.16,3,3,2022,3,9,10
2202,1,1.0,9.0,3,3,2022,3,9,13
2203,1,1.0,30.36,3,3,2022,3,9,13
2204,1,1.0,14.8,3,3,2022,3,9,13
2205,1,1.0,10.56,3,3,2022,3,9,13
2206,1,1.0,12.88,3,3,2022,3,9,14
2207,1,1.0,18.48,3,3,2022,3,9,15
2208,1,1.0,11.76,3,3,2022,3,9,14
2209,1,1.0,24.35,3,3,2022,3,9,15
2210,1,2.0,40.05,1,1,2022,3,9,16
2211,1,1.0,15.96,3,3,2022,3,9,16
2212,1,2.0,9.3,3,3,2022,3,9,16
2213,1,1.0,17.76,3,3,2022,3,9,16
2214,1,1.0,24.13,3,3,2022,3,9,17
2215,1,1.0,11.76,3,3,2022,3,9,18
2216,1,1.0,18.96,3,3,2022,3,9,18
2217,1,1.0,11.84,3,3,2022,3,9,19
2218,1,1.0,12.8,3,3,2022,3,9,20
2219,1,2.0,19.8,3,3,2022,3,9,20
2220,1,1.0,11.16,3,3,2022,3,10,7
2221,1,1.0,11.33,3,3,2022,3,10,7
2222,1,1.0,17.16,3,3,2022,3,10,9
2223,1,2.0,61.42,3,1,2022,3,10,14
2224,1,1.0,27.96,3,3,2022,3,10,14
2225,1,1.0,13.5,3,3,2022,3,10,15
2226,1,1.0,12.95,3,3,2022,3,10,15
2227,1,1.0,19.56,3,3,2022,3,10,17
2228,1,2.0,13.3,3,3,2022,3,10,18
2229,1,1.0,19.3,3,3,2022,3,10,18
2230,1,1.0,13.3,3,3,2022,3,10,19
2231,1,1.0,18.36,3,3,2022,3,10,20
2232,1,0.0,13.46,3,3,2022,3,4,18
2233,1,0.0,18.36,3,3,2022,3,5,9
2234,1,0.0,14.03,3,3,2022,3,6,15
2235,1,1.0,10.55,3,3,2022,8,4,8
2236,1,1.0,16.8,3,3,2022,8,4,9
2237,1,1.0,22.3,3,3,2022,8,4,14
2238,1,1.0,19.12,3,3,2022,8,4,14
2239,1,2.0,22.8,3,3,2022,8,4,15
2240,1,2.0,11.8,3,3,2022,8,4,15
2241,1,2.0,11.8,3,3,2022,8,4,15
2242,1,2.0,9.8,3,3,2022,8,4,16
2243,1,1.0,22.25,3,3,2022,8,4,16
2244,1,1.0,12.96,3,3,2022,8,4,17
2245,1,1.0,22.33,3,3,2022,8,4,17
2246,1,1.0,12.8,3,3,2022,8,4,18
2247,1,1.0,21.3,3,3,2022,8,4,18
2248,1,1.0,14.16,3,3,2022,8,4,18
2249,1,2.0,19.8,3,3,2022,8,4,18
2250,1,1.0,11.16,3,3,2022,8,4,18
2251,1,2.0,65.1,1,3,2022,8,4,19
2252,1,1.0,14.15,3,3,2022,8,5,7
2253,1,1.0,12.3,3,3,2022,8,5,8
2254,1,1.0,14.16,3,3,2022,8,5,11
2255,1,1.0,10.3,3,3,2022,8,5,13
2256,1,1.0,22.25,3,3,2022,8,5,13
2257,1,1.0,82.32,1,6,2022,8,5,14
2258,1,1.0,12.8,1,1,2022,8,5,14
2259,1,1.0,74.22,3,1,2022,8,5,15
2260,1,1.0,15.8,3,3,2022,8,5,15
2261,1,1.0,12.35,3,3,2022,8,5,15
2262,1,1.0,17.88,3,3,2022,8,5,16
2263,1,2.0,12.3,3,3,2022,8,5,16
2264,1,2.0,9.8,3,3,2022,8,5,17
2265,1,1.0,49.0,1,3,2022,8,5,18
2266,1,2.0,15.3,3,3,2022,8,5,18
2267,1,1.0,14.13,3,3,2022,8,5,18
2268,1,1.0,18.5,3,3,2022,8,5,19
2269,1,1.0,13.0,3,3,2022,8,5,19
2270,1,1.0,20.8,3,3,2022,8,5,20
2271,1,1.0,16.8,3,3,2022,8,5,20
2272,1,2.0,7.8,3,3,2022,8,6,10
2273,1,1.0,18.5,3,3,2022,8,6,11
2274,1,1.0,23.15,3,3,2022,8,6,12
2275,1,2.0,8.3,3,3,2022,8,6,12
2276,1,1.0,11.0,3,3,2022,8,6,13
2277,1,1.0,13.55,3,3,2022,8,6,16
2278,1,1.0,18.8,3,3,2022,8,6,17
2279,1,1.0,16.3,3,3,2022,8,6,18
2280,1,2.0,19.3,3,3,2022,8,6,18
2281,1,1.0,18.55,3,3,2022,8,6,19
2282,1,1.0,12.96,3,3,2022,8,6,19
2283,1,2.0,4.55,1,1,2022,8,6,19
2284,1,1.0,15.95,3,3,2022,8,6,20
2285,1,2.0,13.8,3,3,2022,8,7,6
2286,1,2.0,16.3,3,3,2022,8,7,11
2287,1,1.0,7.56,3,3,2022,8,7,11
2288,1,1.0,11.27,3,3,2022,8,7,12
2289,1,1.0,21.95,3,3,2022,8,7,12
2290,1,1.0,26.3,3,3,2022,8,7,13
2291,1,1.0,16.86,1,1,2022,8,7,17
2292,1,1.0,12.96,3,3,2022,8,7,17
2293,1,1.0,18.96,3,3,2022,8,8,12
2294,1,1.0,13.55,3,3,2022,8,8,12
2295,1,1.0,64.85,3,1,2022,8,8,15
2296,1,2.0,11.3,3,3,2022,8,8,16
2297,1,1.0,10.55,3,3,2022,8,8,18
2298,1,1.0,9.13,3,3,2022,8,8,20
2299,1,1.0,16.55,3,3,2022,8,9,7
2300,1,1.0,18.36,3,3,2022,8,9,8
2301,1,1.0,26.75,3,3,2022,8,9,12
2302,1,1.0,19.3,3,3,2022,8,9,13
2303,1,2.0,14.3,3,3,2022,8,9,14
2304,1,1.0,17.85,3,3,2022,8,9,14
2305,1,1.0,12.96,3,3,2022,8,9,15
2306,1,1.0,11.76,3,3,2022,8,9,15
2307,1,1.0,21.8,3,3,2022,8,9,16
2308,1,1.0,15.3,3,3,2022,8,9,16
2309,1,1.0,22.5,3,3,2022,8,9,16
2310,1,1.0,14.63,3,3,2022,8,9,17
2311,1,1.0,18.3,3,3,2022,8,9,17
2312,1,1.0,16.56,3,3,2022,8,9,17
2313,1,1.0,11.56,3,3,2022,8,9,17
2314,1,1.0,14.76,3,3,2022,8,9,17
2315,1,2.0,26.8,3,1,2022,8,9,19
2316,1,1.0,15.95,3,3,2022,8,9,19
2317,1,1.0,16.8,3,3,2022,8,9,19
2318,1,1.0,16.56,3,3,2022,8,9,20
2319,1,1.0,15.8,3,3,2022,8,9,20
2320,1,2.0,9.8,3,3,2022,8,9,20
2321,1,1.0,14.16,3,3,2022,8,10,7
2322,1,1.0,11.27,3,3,2022,8,10,8
2323,1,1.0,17.16,3,3,2022,8,10,9
2324,1,1.0,21.36,3,3,2022,8,10,10
2325,1,1.0,17.76,3,3,2022,8,10,10
2326,1,1.0,17.16,3,3,2022,8,10,10
2327,1,1.0,30.96,3,3,2022,8,10,11
2328,1,1.0,17.16,3,3,2022,8,10,12
2329,1,2.0,16.3,3,3,2022,8,10,15
2330,1,1.0,28.93,3,3,2022,8,10,15
2331,1,1.0,20.16,3,3,2022,8,10,16
2332,1,1.0,12.36,3,3,2022,8,10,17
2333,1,1.0,11.76,3,3,2022,8,10,17
2334,1,1.0,17.16,3,3,2022,8,10,18
2335,1,1.0,17.29,3,3,2022,8,10,18
2336,1,1.0,77.3,1,1,2022,8,10,19
2337,1,0.0,19.6,3,3,2022,8,4,12
2338,1,0.0,15.94,3,3,2022,8,9,16
2339,1,1.0,25.0,3,3,2022,12,19,8
2340,1,1.0,12.6,3,3,2022,12,19,9
2341,1,1.0,26.04,3,3,2022,12,19,14
2342,1,1.0,33.6,3,3,2022,12,19,14
2343,1,1.0,30.0,3,3,2022,12,19,14
2344,1,1.0,29.4,3,3,2022,12,19,14
2345,1,1.0,16.8,3,3,2022,12,19,15
2346,1,2.0,70.2,1,3,2022,12,19,15
2347,1,2.0,75.25,1,3,2022,12,19,15
2348,1,1.0,19.8,3,3,2022,12,19,16
2349,1,1.0,22.32,3,3,2022,12,19,16
2350,1,1.0,12.6,3,3,2022,12,19,17
2351,1,1.0,18.87,3,3,2022,12,19,17
2352,1,1.0,29.88,3,3,2022,12,19,18
2353,1,1.0,15.6,3,3,2022,12,19,18
2354,1,1.0,15.6,3,3,2022,12,19,18
2355,1,1.0,50.55,1,1,2022,12,19,19
2356,1,1.0,26.62,3,3,2022,12,19,20
2357,1,1.0,18.9,3,3,2022,12,20,7
2358,1,1.0,19.32,3,3,2022,12,20,10
2359,1,1.0,23.66,3,3,2022,12,20,11
2360,1,1.0,23.65,3,3,2022,12,20,12
2361,1,2.0,14.7,3,3,2022,12,20,13
2362,1,1.0,11.76,3,3,2022,12,20,13
2363,1,1.0,16.8,3,3,2022,12,20,13
2364,1,2.0,9.8,3,3,2022,12,20,13
2365,1,1.0,29.0,3,3,2022,12,20,15
2366,1,1.0,20.15,3,3,2022,12,20,15
2367,1,2.0,27.7,3,1,2022,12,20,16
2368,1,1.0,23.0,3,3,2022,12,20,16
2369,1,2.0,10.2,3,3,2022,12,20,16
2370,1,1.0,51.72,3,3,2022,12,20,17
2371,1,1.0,13.63,3,3,2022,12,20,17
2372,1,1.0,18.96,3,3,2022,12,20,18
2373,1,1.0,19.35,3,3,2022,12,20,18
2374,1,1.0,28.35,3,3,2022,12,20,20
2375,1,1.0,22.8,3,3,2022,12,21,6
2376,1,1.0,23.62,3,3,2022,12,21,7
2377,1,1.0,21.0,3,3,2022,12,21,8
2378,1,1.0,14.25,3,3,2022,12,21,9
2379,1,2.0,12.6,3,3,2022,12,21,12
2380,1,2.0,17.5,3,3,2022,12,21,13
2381,1,1.0,13.6,3,3,2022,12,21,14
2382,1,2.0,11.9,3,3,2022,12,21,14
2383,1,1.0,15.95,3,3,2022,12,21,15
2384,1,1.0,31.5,3,3,2022,12,21,15
2385,1,2.0,48.0,3,3,2022,12,21,16
2386,1,1.0,18.12,3,3,2022,12,21,16
2387,1,1.0,24.0,3,3,2022,12,21,18
2388,1,1.0,15.6,3,3,2022,12,21,18
2389,1,2.0,11.6,3,3,2022,12,21,19
2390,1,1.0,26.0,3,3,2022,12,21,19
2391,1,1.0,67.25,1,1,2022,12,22,9
2392,1,2.0,16.8,3,3,2022,12,22,9
2393,1,2.0,20.7,3,3,2022,12,22,17
2394,1,1.0,13.95,3,3,2022,12,22,17
2395,1,1.0,38.28,3,5,2022,12,22,19
2396,1,2.0,10.1,3,3,2022,12,23,6
2397,1,2.0,19.6,3,3,2022,12,23,11
2398,1,2.0,11.2,3,3,2022,12,23,13
2399,1,2.0,14.7,3,3,2022,12,23,14
2400,1,1.0,83.2,1,6,2022,12,23,13
2401,1,2.0,13.0,3,3,2022,12,23,18
2402,1,1.0,11.28,3,3,2022,12,23,20
2403,1,1.0,16.7,3,3,2022,12,23,20
2404,1,1.0,12.6,3,3,2022,12,24,9
2405,1,1.0,17.5,3,3,2022,12,24,9
2406,1,1.0,24.35,3,3,2022,12,24,11
2407,1,1.0,67.5,3,1,2022,12,24,12
2408,1,2.0,7.0,3,3,2022,12,24,12
2409,1,2.0,25.9,3,3,2022,12,24,12
2410,1,1.0,32.76,3,3,2022,12,24,13
2411,1,2.0,39.9,3,3,2022,12,24,13
2412,1,1.0,26.04,3,3,2022,12,24,13
2413,1,2.0,17.5,3,3,2022,12,24,13
2414,1,2.0,23.8,3,3,2022,12,24,16
2415,1,1.0,12.08,3,3,2022,12,24,16
2416,1,1.0,24.36,3,3,2022,12,24,16
2417,1,2.0,28.0,3,3,2022,12,24,16
2418,1,1.0,15.12,3,3,2022,12,24,17
2419,1,1.0,33.6,3,3,2022,12,24,18
2420,1,2.0,12.6,3,3,2022,12,24,19
2421,1,1.0,8.8,3,3,2022,12,24,19
2422,1,1.0,14.56,3,3,2022,12,25,6
2423,1,1.0,52.15,1,1,2022,12,25,9
2424,1,2.0,6.6,3,3,2022,12,25,9
2425,1,4.0,7.0,3,3,2022,12,25,10
2426,1,1.0,23.52,3,3,2022,12,25,11
2427,1,2.0,20.3,3,3,2022,12,25,12
2428,1,1.0,16.8,3,3,2022,12,25,16
2429,1,2.0,12.6,3,3,2022,12,25,16
2430,1,2.0,27.3,3,3,2022,12,25,17
2431,1,2.0,31.8,3,3,2022,12,25,20
2432,1,2.0,65.55,1,1,2022,12,25,20
2433,1,2.0,101.0,1,3,2022,12,26,10
2434,1,2.0,47.05,1,2,2022,12,26,10
2435,1,2.0,11.2,3,3,2022,12,26,13
2436,1,2.0,16.8,3,3,2022,12,26,15
2437,1,1.0,18.0,3,3,2022,12,26,19
2438,1,1.0,28.55,3,3,2022,12,26,19
2439,1,0.0,28.21,3,3,2022,12,20,13
2440,1,0.0,88.67,3,5,2022,12,20,16
2441,1,0.0,21.38,3,3,2022,12,23,20
